{"Pin_degrees": [0.03490658503988659, 0.06981317007977318, 0.10471975511965978, 0.13962634015954636, 0.17453292519943295, 0.20943951023931956, 0.24434609527920614, 0.2792526803190927, 0.3141592653589793, 0.3490658503988659, 0.3839724354387525, 0.4188790204786391, 0.4537856055185257, 0.4886921905584123, 0.5235987755982988, 0.5585053606381855, 0.5934119456780721, 0.6283185307179586, 0.6632251157578453, 0.6981317007977318, 0.7330382858376184, 0.767944870877505, 0.8028514559173916, 0.8377580409572782, 0.8726646259971648, 0.9075712110370514, 0.9424777960769379, 0.9773843811168246, 1.0122909661567112, 1.0471975511965976, 1.0821041362364843, 1.117010721276371, 1.1519173063162575, 1.1868238913561442, 1.2217304763960306, 1.2566370614359172, 1.2915436464758039, 1.3264502315156905, 1.361356816555577, 1.3962634015954636, 1.4311699866353502, 1.4660765716752369, 1.5009831567151235, 1.53588974175501, 1.5707963267948966, 1.6057029118347832, 1.6406094968746698, 1.6755160819145565, 1.710422666954443, 1.7453292519943295, 1.7802358370342162, 1.8151424220741028, 1.8500490071139892, 1.8849555921538759, 1.9198621771937625, 1.9547687622336491, 1.9896753472735358, 2.0245819323134224, 2.059488517353309, 2.0943951023931953, 2.129301687433082, 2.1642082724729685, 2.199114857512855, 2.234021442552742, 2.2689280275926285, 2.303834612632515, 2.3387411976724017, 2.3736477827122884, 2.4085543677521746, 2.443460952792061, 2.478367537831948, 2.5132741228718345, 2.548180707911721, 2.5830872929516078, 2.6179938779914944, 2.652900463031381, 2.6878070480712677, 2.722713633111154, 2.7576202181510405, 2.792526803190927, 2.827433388230814, 2.8623399732707004, 2.897246558310587, 2.9321531433504737, 2.9670597283903604, 3.001966313430247, 3.036872898470133, 3.07177948351002, 3.1066860685499065, 3.141592653589793], "Pin_sensor": [116.42, 20.25, 17.97, 17.94, 17.5, 17.89, 17.89, 17.89, 17.89, 17.89, 17.93, 17.94, 18.4, 18.81, 18.44, 18.86, 19.4, 19.39, 20.2, 21.08, 151.5, 139.46, 142.06, 141.82, 136.16, 139.73, 140.54, 126.56, 134.74, 124.86, 136.3, 139.48, 143.62, 142.84, 141.27, 155.91, 141.65, 182.11, 171.07, 147.55, 144.82, 131.34, 110.56, 110.62, 98.73, 93.3, 98.5, 100.31, 105.04, 110.61, 107.2, 111.14, 110.02, 112.05, 112.73, 122.35, 122.83, 117.76, 115.2, 130.69, 136.55, 154.68, 157.28, 161.99, 154.67, 214.7, 170.22, 154.69, 154.64, 172.67, 154.12, 131.34, 116.36, 124.96, 123.13, 115.32, 114.94, 128.05, 129.67, 142.07, 145.98, 152.9, 154.03, 156.09, 147.21, 130.45, 140.37, 129.7, 143.36, 164.55], "Ir_degrees": [0.03490658503988659, 0.06981317007977318, 0.10471975511965978, 0.13962634015954636, 0.17453292519943295, 0.20943951023931956, 0.24434609527920614, 0.2792526803190927, 0.3141592653589793, 0.3490658503988659, 0.3839724354387525, 0.4188790204786391, 0.4537856055185257, 0.4886921905584123, 0.5235987755982988, 0.5585053606381855, 0.5934119456780721, 0.6283185307179586, 0.6632251157578453, 0.6981317007977318, 0.7330382858376184, 0.767944870877505, 0.8028514559173916, 0.8377580409572782, 0.8726646259971648, 0.9075712110370514, 0.9424777960769379, 0.9773843811168246, 1.0122909661567112, 1.0471975511965976, 1.0821041362364843, 1.117010721276371, 1.1519173063162575, 1.1868238913561442, 1.2217304763960306, 1.2566370614359172, 1.2915436464758039, 1.3264502315156905, 1.361356816555577, 1.3962634015954636, 1.4311699866353502, 1.4660765716752369, 1.5009831567151235, 1.53588974175501, 1.5707963267948966, 1.6057029118347832, 1.6406094968746698, 1.6755160819145565, 1.710422666954443, 1.7453292519943295, 1.7802358370342162, 1.8151424220741028, 1.8500490071139892, 1.8849555921538759, 1.9198621771937625, 1.9547687622336491, 1.9896753472735358, 2.0245819323134224, 2.059488517353309, 2.0943951023931953, 2.129301687433082, 2.1642082724729685, 2.199114857512855, 2.234021442552742, 2.2689280275926285, 2.303834612632515, 2.3387411976724017, 2.3736477827122884, 2.4085543677521746, 2.443460952792061, 2.478367537831948, 2.5132741228718345, 2.548180707911721, 2.5830872929516078, 2.6179938779914944, 2.652900463031381, 2.6878070480712677, 2.722713633111154, 2.7576202181510405, 2.792526803190927, 2.827433388230814, 2.8623399732707004, 2.897246558310587, 2.9321531433504737, 2.9670597283903604, 3.001966313430247, 3.036872898470133, 3.07177948351002, 3.1066860685499065, 3.141592653589793], "Ir_sensor": [41.0, 552.0, 836.0, 1460.0, 1645.0, 1716.0, 1761.0, 1811.0, 1784.0, 1920.0, 1925.0, 1922.0, 1905.0, 1907.0, 1955.0, 2587.0, 3099.0, 3226.0, 1615.0, 1787.0, 954.0, 814.0, 427.0, 250.0, 417.0, 494.0, 253.0, 163.0, 295.0, 320.0, 189.0, 277.0, 116.0, 138.0, 421.0, 521.0, 38.0, 39.0, 39.0, 39.0, 39.0, 38.0, 50.0, 39.0, 39.0, 39.0, 39.0, 39.0, 39.0, 39.0, 39.0, 39.0, 39.0, 39.0, 38.0, 91.0, 141.0, 141.0, 188.0, 190.0, 141.0, 221.0, 188.0, 191.0, 273.0, 254.0, 211.0, 60.0, 61.0, 250.0, 255.0, 192.0, 192.0, 217.0, 220.0, 221.0, 275.0, 328.0, 163.0, 318.0, 474.0, 400.0, 475.0, 376.0, 293.0, 243.0, 401.0, 185.0, 41.0, 112.0]}