{"Pin_sensor": [77.07, 154.85, 31.91, 31.46, 31.45, 31.46, 31.86, 31.46, 31.51, 31.89, 31.94, 32.36, 32.41, 32.83, 33.78, 145.21, 154.65, 154.81, 154.67, 88.73, 119.4, 86.29, 87.11, 154.81, 85.94, 155.67, 87.08, 89.12, 87.06, 116.21, 115.32, 115.44, 113.82, 115.07, 114.71, 114.69, 115.42, 115.88, 76.27, 76.63, 77.4, 77.01, 77.42, 76.22, 76.24, 77.04, 75.82, 77.44, 76.77, 76.79, 76.78, 75.98, 76.79, 77.23, 78.12, 111.69, 79.88, 109.43, 112.78, 124.18, 31.97, 31.53, 30.69, 30.69, 31.11, 30.69, 30.69, 30.69, 30.69, 31.49, 32.37, 31.52, 158.21, 165.71, 154.66, 174.63, 159.08, 154.01, 155.04, 163.79, 159.51, 154.3, 156.37, 155.66, 154.69, 154.86, 159.57, 153.85, 157.32, 167.09], "Ir_degrees": [0.03490658503988659, 0.06981317007977318, 0.10471975511965978, 0.13962634015954636, 0.17453292519943295, 0.20943951023931956, 0.24434609527920614, 0.2792526803190927, 0.3141592653589793, 0.3490658503988659, 0.3839724354387525, 0.4188790204786391, 0.4537856055185257, 0.4886921905584123, 0.5235987755982988, 0.5585053606381855, 0.5934119456780721, 0.6283185307179586, 0.6632251157578453, 0.6981317007977318, 0.7330382858376184, 0.767944870877505, 0.8028514559173916, 0.8377580409572782, 0.8726646259971648, 0.9075712110370514, 0.9424777960769379, 0.9773843811168246, 1.0122909661567112, 1.0471975511965976, 1.0821041362364843, 1.117010721276371, 1.1519173063162575, 1.1868238913561442, 1.2217304763960306, 1.2566370614359172, 1.2915436464758039, 1.3264502315156905, 1.361356816555577, 1.3962634015954636, 1.4311699866353502, 1.4660765716752369, 1.5009831567151235, 1.53588974175501, 1.5707963267948966, 1.6057029118347832, 1.6406094968746698, 1.6755160819145565, 1.710422666954443, 1.7453292519943295, 1.7802358370342162, 1.8151424220741028, 1.8500490071139892, 1.8849555921538759, 1.9198621771937625, 1.9547687622336491, 1.9896753472735358, 2.0245819323134224, 2.059488517353309, 2.0943951023931953, 2.129301687433082, 2.1642082724729685, 2.199114857512855, 2.234021442552742, 2.2689280275926285, 2.303834612632515, 2.3387411976724017, 2.3736477827122884, 2.4085543677521746, 2.443460952792061, 2.478367537831948, 2.5132741228718345, 2.548180707911721, 2.5830872929516078, 2.6179938779914944, 2.652900463031381, 2.6878070480712677, 2.722713633111154, 2.7576202181510405, 2.792526803190927, 2.827433388230814, 2.8623399732707004, 2.897246558310587, 2.9321531433504737, 2.9670597283903604, 3.001966313430247, 3.036872898470133, 3.07177948351002, 3.1066860685499065, 3.141592653589793], "Pin_degrees": [0.03490658503988659, 0.06981317007977318, 0.10471975511965978, 0.13962634015954636, 0.17453292519943295, 0.20943951023931956, 0.24434609527920614, 0.2792526803190927, 0.3141592653589793, 0.3490658503988659, 0.3839724354387525, 0.4188790204786391, 0.4537856055185257, 0.4886921905584123, 0.5235987755982988, 0.5585053606381855, 0.5934119456780721, 0.6283185307179586, 0.6632251157578453, 0.6981317007977318, 0.7330382858376184, 0.767944870877505, 0.8028514559173916, 0.8377580409572782, 0.8726646259971648, 0.9075712110370514, 0.9424777960769379, 0.9773843811168246, 1.0122909661567112, 1.0471975511965976, 1.0821041362364843, 1.117010721276371, 1.1519173063162575, 1.1868238913561442, 1.2217304763960306, 1.2566370614359172, 1.2915436464758039, 1.3264502315156905, 1.361356816555577, 1.3962634015954636, 1.4311699866353502, 1.4660765716752369, 1.5009831567151235, 1.53588974175501, 1.5707963267948966, 1.6057029118347832, 1.6406094968746698, 1.6755160819145565, 1.710422666954443, 1.7453292519943295, 1.7802358370342162, 1.8151424220741028, 1.8500490071139892, 1.8849555921538759, 1.9198621771937625, 1.9547687622336491, 1.9896753472735358, 2.0245819323134224, 2.059488517353309, 2.0943951023931953, 2.129301687433082, 2.1642082724729685, 2.199114857512855, 2.234021442552742, 2.2689280275926285, 2.303834612632515, 2.3387411976724017, 2.3736477827122884, 2.4085543677521746, 2.443460952792061, 2.478367537831948, 2.5132741228718345, 2.548180707911721, 2.5830872929516078, 2.6179938779914944, 2.652900463031381, 2.6878070480712677, 2.722713633111154, 2.7576202181510405, 2.792526803190927, 2.827433388230814, 2.8623399732707004, 2.897246558310587, 2.9321531433504737, 2.9670597283903604, 3.001966313430247, 3.036872898470133, 3.07177948351002, 3.1066860685499065, 3.141592653589793], "Ir_sensor": [1012.0, 40.0, 44.0, 43.0, 423.0, 1012.0, 1108.0, 1199.0, 1291.0, 1690.0, 2494.0, 3091.0, 2559.0, 2498.0, 1408.0, 521.0, 38.0, 39.0, 44.0, 39.0, 39.0, 39.0, 39.0, 313.0, 394.0, 571.0, 809.0, 1288.0, 687.0, 667.0, 618.0, 312.0, 194.0, 279.0, 503.0, 719.0, 549.0, 352.0, 86.0, 50.0, 151.0, 145.0, 450.0, 549.0, 820.0, 1031.0, 1236.0, 544.0, 395.0, 319.0, 88.0, 249.0, 39.0, 41.0, 39.0, 51.0, 39.0, 110.0, 38.0, 39.0, 105.0, 38.0, 88.0, 66.0, 39.0, 401.0, 955.0, 1101.0, 1244.0, 1716.0, 1874.0, 1411.0, 1773.0, 1848.0, 1592.0, 980.0, 495.0, 278.0, 319.0, 291.0, 356.0, 216.0, 249.0, 222.0, 403.0, 299.0, 221.0, 255.0, 272.0, 273.0]}