{"Ir_sensor": [717.0, 39.0, 41.0, 39.0, 38.0, 38.0, 39.0, 39.0, 104.0, 110.0, 38.0, 43.0, 39.0, 44.0, 39.0, 39.0, 109.0, 73.0, 39.0, 39.0, 39.0, 76.0, 694.0, 1055.0, 1183.0, 1249.0, 1499.0, 2145.0, 2874.0, 2886.0, 2148.0, 1784.0, 350.0, 220.0, 39.0, 39.0, 39.0, 168.0, 357.0, 496.0, 663.0, 960.0, 937.0, 686.0, 314.0, 442.0, 546.0, 318.0, 376.0, 529.0, 758.0, 988.0, 253.0, 404.0, 721.0, 597.0, 423.0, 518.0, 94.0, 84.0, 39.0, 39.0, 39.0, 39.0, 39.0, 39.0, 39.0, 104.0, 38.0, 39.0, 39.0, 109.0, 39.0, 39.0, 38.0, 39.0, 352.0, 741.0, 938.0, 1201.0, 1508.0, 1831.0, 1671.0, 1364.0, 1129.0, 1287.0, 1027.0, 712.0, 495.0, 272.0], "Ir_degrees": [0.03490658503988659, 0.06981317007977318, 0.10471975511965978, 0.13962634015954636, 0.17453292519943295, 0.20943951023931956, 0.24434609527920614, 0.2792526803190927, 0.3141592653589793, 0.3490658503988659, 0.3839724354387525, 0.4188790204786391, 0.4537856055185257, 0.4886921905584123, 0.5235987755982988, 0.5585053606381855, 0.5934119456780721, 0.6283185307179586, 0.6632251157578453, 0.6981317007977318, 0.7330382858376184, 0.767944870877505, 0.8028514559173916, 0.8377580409572782, 0.8726646259971648, 0.9075712110370514, 0.9424777960769379, 0.9773843811168246, 1.0122909661567112, 1.0471975511965976, 1.0821041362364843, 1.117010721276371, 1.1519173063162575, 1.1868238913561442, 1.2217304763960306, 1.2566370614359172, 1.2915436464758039, 1.3264502315156905, 1.361356816555577, 1.3962634015954636, 1.4311699866353502, 1.4660765716752369, 1.5009831567151235, 1.53588974175501, 1.5707963267948966, 1.6057029118347832, 1.6406094968746698, 1.6755160819145565, 1.710422666954443, 1.7453292519943295, 1.7802358370342162, 1.8151424220741028, 1.8500490071139892, 1.8849555921538759, 1.9198621771937625, 1.9547687622336491, 1.9896753472735358, 2.0245819323134224, 2.059488517353309, 2.0943951023931953, 2.129301687433082, 2.1642082724729685, 2.199114857512855, 2.234021442552742, 2.2689280275926285, 2.303834612632515, 2.3387411976724017, 2.3736477827122884, 2.4085543677521746, 2.443460952792061, 2.478367537831948, 2.5132741228718345, 2.548180707911721, 2.5830872929516078, 2.6179938779914944, 2.652900463031381, 2.6878070480712677, 2.722713633111154, 2.7576202181510405, 2.792526803190927, 2.827433388230814, 2.8623399732707004, 2.897246558310587, 2.9321531433504737, 2.9670597283903604, 3.001966313430247, 3.036872898470133, 3.07177948351002, 3.1066860685499065, 3.141592653589793], "Pin_sensor": [154.48, 153.6, 170.93, 164.32, 167.82, 155.25, 156.73, 156.68, 156.64, 198.81, 158.74, 154.03, 157.24, 172.03, 162.74, 154.54, 190.98, 32.82, 32.4, 31.52, 31.52, 31.14, 31.14, 31.53, 31.65, 31.14, 31.97, 32.38, 133.2, 124.55, 153.78, 157.07, 154.89, 158.86, 154.79, 154.29, 154.15, 170.41, 154.17, 88.15, 128.86, 102.47, 89.04, 90.27, 100.42, 101.99, 90.6, 90.33, 129.0, 101.15, 101.59, 102.01, 102.83, 104.04, 106.85, 100.84, 104.94, 102.95, 143.19, 154.87, 155.3, 149.26, 127.21, 128.05, 135.04, 129.94, 121.09, 112.37, 102.05, 101.33, 36.78, 94.93, 105.5, 35.02, 36.24, 35.78, 36.2, 35.74, 35.36, 35.78, 35.83, 36.24, 35.82, 36.78, 154.0, 159.97, 157.45, 153.71, 155.59, 166.98], "Pin_degrees": [0.03490658503988659, 0.06981317007977318, 0.10471975511965978, 0.13962634015954636, 0.17453292519943295, 0.20943951023931956, 0.24434609527920614, 0.2792526803190927, 0.3141592653589793, 0.3490658503988659, 0.3839724354387525, 0.4188790204786391, 0.4537856055185257, 0.4886921905584123, 0.5235987755982988, 0.5585053606381855, 0.5934119456780721, 0.6283185307179586, 0.6632251157578453, 0.6981317007977318, 0.7330382858376184, 0.767944870877505, 0.8028514559173916, 0.8377580409572782, 0.8726646259971648, 0.9075712110370514, 0.9424777960769379, 0.9773843811168246, 1.0122909661567112, 1.0471975511965976, 1.0821041362364843, 1.117010721276371, 1.1519173063162575, 1.1868238913561442, 1.2217304763960306, 1.2566370614359172, 1.2915436464758039, 1.3264502315156905, 1.361356816555577, 1.3962634015954636, 1.4311699866353502, 1.4660765716752369, 1.5009831567151235, 1.53588974175501, 1.5707963267948966, 1.6057029118347832, 1.6406094968746698, 1.6755160819145565, 1.710422666954443, 1.7453292519943295, 1.7802358370342162, 1.8151424220741028, 1.8500490071139892, 1.8849555921538759, 1.9198621771937625, 1.9547687622336491, 1.9896753472735358, 2.0245819323134224, 2.059488517353309, 2.0943951023931953, 2.129301687433082, 2.1642082724729685, 2.199114857512855, 2.234021442552742, 2.2689280275926285, 2.303834612632515, 2.3387411976724017, 2.3736477827122884, 2.4085543677521746, 2.443460952792061, 2.478367537831948, 2.5132741228718345, 2.548180707911721, 2.5830872929516078, 2.6179938779914944, 2.652900463031381, 2.6878070480712677, 2.722713633111154, 2.7576202181510405, 2.792526803190927, 2.827433388230814, 2.8623399732707004, 2.897246558310587, 2.9321531433504737, 2.9670597283903604, 3.001966313430247, 3.036872898470133, 3.07177948351002, 3.1066860685499065, 3.141592653589793]}