{"Ir_sensor": [40.0, 107.0, 249.0, 96.0, 44.0, 53.0, 39.0, 39.0, 109.0, 93.0, 84.0, 39.0, 284.0, 230.0, 274.0, 646.0, 103.0, 87.0, 441.0, 208.0, 43.0, 42.0, 43.0, 38.0, 42.0, 41.0, 41.0, 145.0, 270.0, 438.0, 246.0, 113.0, 292.0, 592.0, 371.0, 39.0, 39.0, 39.0, 39.0, 39.0, 90.0, 39.0, 54.0, 39.0, 39.0, 108.0, 39.0, 41.0, 116.0, 39.0, 39.0, 39.0, 109.0, 109.0, 39.0, 95.0, 139.0, 233.0, 312.0, 294.0, 194.0, 220.0, 349.0, 137.0, 223.0, 292.0, 139.0, 315.0, 371.0, 138.0, 165.0, 192.0, 275.0, 247.0, 163.0, 303.0, 276.0, 266.0, 227.0, 216.0, 251.0, 138.0, 274.0, 550.0, 424.0, 447.0, 351.0, 419.0, 470.0, 418.0], "Ir_degrees": [0.03490658503988659, 0.06981317007977318, 0.10471975511965978, 0.13962634015954636, 0.17453292519943295, 0.20943951023931956, 0.24434609527920614, 0.2792526803190927, 0.3141592653589793, 0.3490658503988659, 0.3839724354387525, 0.4188790204786391, 0.4537856055185257, 0.4886921905584123, 0.5235987755982988, 0.5585053606381855, 0.5934119456780721, 0.6283185307179586, 0.6632251157578453, 0.6981317007977318, 0.7330382858376184, 0.767944870877505, 0.8028514559173916, 0.8377580409572782, 0.8726646259971648, 0.9075712110370514, 0.9424777960769379, 0.9773843811168246, 1.0122909661567112, 1.0471975511965976, 1.0821041362364843, 1.117010721276371, 1.1519173063162575, 1.1868238913561442, 1.2217304763960306, 1.2566370614359172, 1.2915436464758039, 1.3264502315156905, 1.361356816555577, 1.3962634015954636, 1.4311699866353502, 1.4660765716752369, 1.5009831567151235, 1.53588974175501, 1.5707963267948966, 1.6057029118347832, 1.6406094968746698, 1.6755160819145565, 1.710422666954443, 1.7453292519943295, 1.7802358370342162, 1.8151424220741028, 1.8500490071139892, 1.8849555921538759, 1.9198621771937625, 1.9547687622336491, 1.9896753472735358, 2.0245819323134224, 2.059488517353309, 2.0943951023931953, 2.129301687433082, 2.1642082724729685, 2.199114857512855, 2.234021442552742, 2.2689280275926285, 2.303834612632515, 2.3387411976724017, 2.3736477827122884, 2.4085543677521746, 2.443460952792061, 2.478367537831948, 2.5132741228718345, 2.548180707911721, 2.5830872929516078, 2.6179938779914944, 2.652900463031381, 2.6878070480712677, 2.722713633111154, 2.7576202181510405, 2.792526803190927, 2.827433388230814, 2.8623399732707004, 2.897246558310587, 2.9321531433504737, 2.9670597283903604, 3.001966313430247, 3.036872898470133, 3.07177948351002, 3.1066860685499065, 3.141592653589793], "Pin_sensor": [104.97, 155.57, 124.99, 136.92, 154.07, 154.22, 141.43, 132.72, 131.45, 134.25, 134.74, 138.37, 133.82, 128.46, 132.23, 133.88, 136.47, 122.9, 132.02, 131.59, 126.66, 127.33, 123.88, 114.11, 129.41, 126.52, 131.83, 125.34, 129.36, 114.49, 111.63, 113.23, 111.63, 114.15, 117.06, 107.14, 96.31, 99.43, 87.99, 90.6, 97.78, 97.36, 93.81, 91.81, 87.16, 80.29, 79.35, 85.98, 95.27, 106.27, 101.08, 89.71, 95.26, 100.36, 98.21, 105.67, 111.27, 106.14, 117.31, 127.18, 131.25, 146.95, 154.31, 0, 160.76, 155.63, 159.64, 150.87, 154.1, 155.31, 154.62, 152.65, 145.82, 160.81, 154.63, 146.06, 136.96, 133.85, 143.87, 153.99, 153.87, 153.78, 159.07, 153.6, 136.55, 144.2, 159.57, 142.06, 154.81, 160.9], "Pin_degrees": [0.03490658503988659, 0.06981317007977318, 0.10471975511965978, 0.13962634015954636, 0.17453292519943295, 0.20943951023931956, 0.24434609527920614, 0.2792526803190927, 0.3141592653589793, 0.3490658503988659, 0.3839724354387525, 0.4188790204786391, 0.4537856055185257, 0.4886921905584123, 0.5235987755982988, 0.5585053606381855, 0.5934119456780721, 0.6283185307179586, 0.6632251157578453, 0.6981317007977318, 0.7330382858376184, 0.767944870877505, 0.8028514559173916, 0.8377580409572782, 0.8726646259971648, 0.9075712110370514, 0.9424777960769379, 0.9773843811168246, 1.0122909661567112, 1.0471975511965976, 1.0821041362364843, 1.117010721276371, 1.1519173063162575, 1.1868238913561442, 1.2217304763960306, 1.2566370614359172, 1.2915436464758039, 1.3264502315156905, 1.361356816555577, 1.3962634015954636, 1.4311699866353502, 1.4660765716752369, 1.5009831567151235, 1.53588974175501, 1.5707963267948966, 1.6057029118347832, 1.6406094968746698, 1.6755160819145565, 1.710422666954443, 1.7453292519943295, 1.7802358370342162, 1.8151424220741028, 1.8500490071139892, 1.8849555921538759, 1.9198621771937625, 1.9547687622336491, 1.9896753472735358, 2.0245819323134224, 2.059488517353309, 2.0943951023931953, 2.129301687433082, 2.1642082724729685, 2.199114857512855, 2.234021442552742, 2.2689280275926285, 2.303834612632515, 2.3387411976724017, 2.3736477827122884, 2.4085543677521746, 2.443460952792061, 2.478367537831948, 2.5132741228718345, 2.548180707911721, 2.5830872929516078, 2.6179938779914944, 2.652900463031381, 2.6878070480712677, 2.722713633111154, 2.7576202181510405, 2.792526803190927, 2.827433388230814, 2.8623399732707004, 2.897246558310587, 2.9321531433504737, 2.9670597283903604, 3.001966313430247, 3.036872898470133, 3.07177948351002, 3.1066860685499065, 3.141592653589793]}