{"Ir_sensor": [232.0, 738.0, 52.0, 39.0, 39.0, 39.0, 39.0, 39.0, 39.0, 45.0, 39.0, 39.0, 39.0, 112.0, 39.0, 89.0, 115.0, 411.0, 550.0, 663.0, 939.0, 1008.0, 910.0, 764.0, 841.0, 598.0, 467.0, 446.0, 347.0, 272.0, 219.0, 195.0, 398.0, 375.0, 301.0, 252.0, 276.0, 110.0, 112.0, 160.0, 324.0, 498.0, 50.0, 91.0, 166.0, 159.0, 249.0, 157.0, 192.0, 228.0, 142.0, 177.0, 149.0, 372.0, 218.0, 164.0, 347.0, 296.0, 41.0, 39.0, 39.0, 45.0, 142.0, 163.0, 164.0, 39.0, 39.0, 277.0, 224.0, 265.0, 318.0, 226.0, 314.0, 210.0, 286.0, 274.0, 280.0, 298.0, 271.0, 248.0, 221.0, 320.0, 244.0, 312.0, 275.0, 325.0, 167.0, 39.0, 38.0, 209.0], "Pin_sensor": [162.8, 77.52, 119.11, 127.93, 153.72, 136.19, 79.85, 83.86, 140.7, 78.89, 78.48, 78.82, 78.37, 78.41, 77.99, 78.35, 77.6, 77.92, 77.96, 77.97, 78.37, 78.37, 78.42, 78.42, 79.69, 78.88, 78.95, 78.97, 80.25, 80.31, 152.96, 154.59, 155.59, 153.53, 153.7, 137.82, 153.52, 155.09, 0, 154.78, 140.69, 152.93, 147.91, 152.61, 153.85, 154.76, 153.58, 158.41, 156.74, 140.5, 130.32, 124.0, 121.44, 121.92, 119.8, 115.21, 110.93, 103.42, 100.3, 78.83, 75.9, 74.27, 74.72, 104.41, 116.95, 119.99, 115.15, 127.01, 133.82, 132.09, 153.66, 153.68, 159.97, 154.2, 152.61, 154.06, 153.8, 140.95, 148.16, 156.64, 152.95, 107.04, 105.8, 142.78, 110.21, 105.19, 105.61, 104.87, 105.96, 105.98], "Pin_degrees": [0.03490658503988659, 0.06981317007977318, 0.10471975511965978, 0.13962634015954636, 0.17453292519943295, 0.20943951023931956, 0.24434609527920614, 0.2792526803190927, 0.3141592653589793, 0.3490658503988659, 0.3839724354387525, 0.4188790204786391, 0.4537856055185257, 0.4886921905584123, 0.5235987755982988, 0.5585053606381855, 0.5934119456780721, 0.6283185307179586, 0.6632251157578453, 0.6981317007977318, 0.7330382858376184, 0.767944870877505, 0.8028514559173916, 0.8377580409572782, 0.8726646259971648, 0.9075712110370514, 0.9424777960769379, 0.9773843811168246, 1.0122909661567112, 1.0471975511965976, 1.0821041362364843, 1.117010721276371, 1.1519173063162575, 1.1868238913561442, 1.2217304763960306, 1.2566370614359172, 1.2915436464758039, 1.3264502315156905, 1.361356816555577, 1.3962634015954636, 1.4311699866353502, 1.4660765716752369, 1.5009831567151235, 1.53588974175501, 1.5707963267948966, 1.6057029118347832, 1.6406094968746698, 1.6755160819145565, 1.710422666954443, 1.7453292519943295, 1.7802358370342162, 1.8151424220741028, 1.8500490071139892, 1.8849555921538759, 1.9198621771937625, 1.9547687622336491, 1.9896753472735358, 2.0245819323134224, 2.059488517353309, 2.0943951023931953, 2.129301687433082, 2.1642082724729685, 2.199114857512855, 2.234021442552742, 2.2689280275926285, 2.303834612632515, 2.3387411976724017, 2.3736477827122884, 2.4085543677521746, 2.443460952792061, 2.478367537831948, 2.5132741228718345, 2.548180707911721, 2.5830872929516078, 2.6179938779914944, 2.652900463031381, 2.6878070480712677, 2.722713633111154, 2.7576202181510405, 2.792526803190927, 2.827433388230814, 2.8623399732707004, 2.897246558310587, 2.9321531433504737, 2.9670597283903604, 3.001966313430247, 3.036872898470133, 3.07177948351002, 3.1066860685499065, 3.141592653589793], "Ir_degrees": [0.03490658503988659, 0.06981317007977318, 0.10471975511965978, 0.13962634015954636, 0.17453292519943295, 0.20943951023931956, 0.24434609527920614, 0.2792526803190927, 0.3141592653589793, 0.3490658503988659, 0.3839724354387525, 0.4188790204786391, 0.4537856055185257, 0.4886921905584123, 0.5235987755982988, 0.5585053606381855, 0.5934119456780721, 0.6283185307179586, 0.6632251157578453, 0.6981317007977318, 0.7330382858376184, 0.767944870877505, 0.8028514559173916, 0.8377580409572782, 0.8726646259971648, 0.9075712110370514, 0.9424777960769379, 0.9773843811168246, 1.0122909661567112, 1.0471975511965976, 1.0821041362364843, 1.117010721276371, 1.1519173063162575, 1.1868238913561442, 1.2217304763960306, 1.2566370614359172, 1.2915436464758039, 1.3264502315156905, 1.361356816555577, 1.3962634015954636, 1.4311699866353502, 1.4660765716752369, 1.5009831567151235, 1.53588974175501, 1.5707963267948966, 1.6057029118347832, 1.6406094968746698, 1.6755160819145565, 1.710422666954443, 1.7453292519943295, 1.7802358370342162, 1.8151424220741028, 1.8500490071139892, 1.8849555921538759, 1.9198621771937625, 1.9547687622336491, 1.9896753472735358, 2.0245819323134224, 2.059488517353309, 2.0943951023931953, 2.129301687433082, 2.1642082724729685, 2.199114857512855, 2.234021442552742, 2.2689280275926285, 2.303834612632515, 2.3387411976724017, 2.3736477827122884, 2.4085543677521746, 2.443460952792061, 2.478367537831948, 2.5132741228718345, 2.548180707911721, 2.5830872929516078, 2.6179938779914944, 2.652900463031381, 2.6878070480712677, 2.722713633111154, 2.7576202181510405, 2.792526803190927, 2.827433388230814, 2.8623399732707004, 2.897246558310587, 2.9321531433504737, 2.9670597283903604, 3.001966313430247, 3.036872898470133, 3.07177948351002, 3.1066860685499065, 3.141592653589793]}