{"Ir_degrees": [0.03490658503988659, 0.06981317007977318, 0.10471975511965978, 0.13962634015954636, 0.17453292519943295, 0.20943951023931956, 0.24434609527920614, 0.2792526803190927, 0.3141592653589793, 0.3490658503988659, 0.3839724354387525, 0.4188790204786391, 0.4537856055185257, 0.4886921905584123, 0.5235987755982988, 0.5585053606381855, 0.5934119456780721, 0.6283185307179586, 0.6632251157578453, 0.6981317007977318, 0.7330382858376184, 0.767944870877505, 0.8028514559173916, 0.8377580409572782, 0.8726646259971648, 0.9075712110370514, 0.9424777960769379, 0.9773843811168246, 1.0122909661567112, 1.0471975511965976, 1.0821041362364843, 1.117010721276371, 1.1519173063162575, 1.1868238913561442, 1.2217304763960306, 1.2566370614359172, 1.2915436464758039, 1.3264502315156905, 1.361356816555577, 1.3962634015954636, 1.4311699866353502, 1.4660765716752369, 1.5009831567151235, 1.53588974175501, 1.5707963267948966, 1.6057029118347832, 1.6406094968746698, 1.6755160819145565, 1.710422666954443, 1.7453292519943295, 1.7802358370342162, 1.8151424220741028, 1.8500490071139892, 1.8849555921538759, 1.9198621771937625, 1.9547687622336491, 1.9896753472735358, 2.0245819323134224, 2.059488517353309, 2.0943951023931953, 2.129301687433082, 2.1642082724729685, 2.199114857512855, 2.234021442552742, 2.2689280275926285, 2.303834612632515, 2.3387411976724017, 2.3736477827122884, 2.4085543677521746, 2.443460952792061, 2.478367537831948, 2.5132741228718345, 2.548180707911721, 2.5830872929516078, 2.6179938779914944, 2.652900463031381, 2.6878070480712677, 2.722713633111154, 2.7576202181510405, 2.792526803190927, 2.827433388230814, 2.8623399732707004, 2.897246558310587, 2.9321531433504737, 2.9670597283903604, 3.001966313430247, 3.036872898470133, 3.07177948351002, 3.1066860685499065, 3.141592653589793], "Pin_sensor": [90.15, 32.39, 175.6, 170.74, 154.69, 154.65, 156.13, 154.65, 163.87, 155.87, 154.44, 174.54, 153.6, 155.6, 154.0, 154.03, 164.64, 32.02, 31.98, 31.54, 31.16, 31.55, 31.55, 31.53, 31.54, 31.54, 31.55, 31.97, 32.41, 0, 147.13, 143.76, 155.77, 155.8, 90.25, 91.15, 92.67, 89.44, 160.53, 123.31, 89.88, 122.82, 89.37, 87.79, 88.64, 118.94, 118.16, 119.33, 119.38, 118.92, 82.19, 81.46, 81.4, 81.85, 80.54, 81.87, 80.93, 80.94, 81.36, 80.54, 82.18, 80.17, 80.17, 86.73, 79.93, 81.11, 83.92, 91.57, 85.3, 86.16, 85.8, 35.47, 35.84, 35.42, 106.82, 35.38, 35.38, 35.78, 35.8, 35.4, 35.4, 35.83, 36.6, 36.25, 154.74, 155.37, 164.96, 166.94, 179.85, 154.77], "Pin_degrees": [0.03490658503988659, 0.06981317007977318, 0.10471975511965978, 0.13962634015954636, 0.17453292519943295, 0.20943951023931956, 0.24434609527920614, 0.2792526803190927, 0.3141592653589793, 0.3490658503988659, 0.3839724354387525, 0.4188790204786391, 0.4537856055185257, 0.4886921905584123, 0.5235987755982988, 0.5585053606381855, 0.5934119456780721, 0.6283185307179586, 0.6632251157578453, 0.6981317007977318, 0.7330382858376184, 0.767944870877505, 0.8028514559173916, 0.8377580409572782, 0.8726646259971648, 0.9075712110370514, 0.9424777960769379, 0.9773843811168246, 1.0122909661567112, 1.0471975511965976, 1.0821041362364843, 1.117010721276371, 1.1519173063162575, 1.1868238913561442, 1.2217304763960306, 1.2566370614359172, 1.2915436464758039, 1.3264502315156905, 1.361356816555577, 1.3962634015954636, 1.4311699866353502, 1.4660765716752369, 1.5009831567151235, 1.53588974175501, 1.5707963267948966, 1.6057029118347832, 1.6406094968746698, 1.6755160819145565, 1.710422666954443, 1.7453292519943295, 1.7802358370342162, 1.8151424220741028, 1.8500490071139892, 1.8849555921538759, 1.9198621771937625, 1.9547687622336491, 1.9896753472735358, 2.0245819323134224, 2.059488517353309, 2.0943951023931953, 2.129301687433082, 2.1642082724729685, 2.199114857512855, 2.234021442552742, 2.2689280275926285, 2.303834612632515, 2.3387411976724017, 2.3736477827122884, 2.4085543677521746, 2.443460952792061, 2.478367537831948, 2.5132741228718345, 2.548180707911721, 2.5830872929516078, 2.6179938779914944, 2.652900463031381, 2.6878070480712677, 2.722713633111154, 2.7576202181510405, 2.792526803190927, 2.827433388230814, 2.8623399732707004, 2.897246558310587, 2.9321531433504737, 2.9670597283903604, 3.001966313430247, 3.036872898470133, 3.07177948351002, 3.1066860685499065, 3.141592653589793], "Ir_sensor": [393.0, 1918.0, 38.0, 39.0, 39.0, 50.0, 45.0, 39.0, 39.0, 39.0, 39.0, 43.0, 41.0, 39.0, 38.0, 109.0, 39.0, 39.0, 39.0, 39.0, 39.0, 39.0, 663.0, 1027.0, 1177.0, 1245.0, 1553.0, 2292.0, 2916.0, 3066.0, 2622.0, 2349.0, 982.0, 81.0, 43.0, 39.0, 63.0, 141.0, 421.0, 469.0, 668.0, 881.0, 1100.0, 717.0, 666.0, 213.0, 243.0, 223.0, 228.0, 497.0, 669.0, 356.0, 39.0, 195.0, 169.0, 149.0, 251.0, 447.0, 600.0, 903.0, 1122.0, 598.0, 297.0, 209.0, 114.0, 39.0, 38.0, 39.0, 39.0, 39.0, 39.0, 39.0, 39.0, 39.0, 39.0, 82.0, 319.0, 731.0, 935.0, 1199.0, 1485.0, 1833.0, 1877.0, 1431.0, 1106.0, 1435.0, 1052.0, 789.0, 421.0, 432.0]}