{"Pin_degrees": [0.03490658503988659, 0.06981317007977318, 0.10471975511965978, 0.13962634015954636, 0.17453292519943295, 0.20943951023931956, 0.24434609527920614, 0.2792526803190927, 0.3141592653589793, 0.3490658503988659, 0.3839724354387525, 0.4188790204786391, 0.4537856055185257, 0.4886921905584123, 0.5235987755982988, 0.5585053606381855, 0.5934119456780721, 0.6283185307179586, 0.6632251157578453, 0.6981317007977318, 0.7330382858376184, 0.767944870877505, 0.8028514559173916, 0.8377580409572782, 0.8726646259971648, 0.9075712110370514, 0.9424777960769379, 0.9773843811168246, 1.0122909661567112, 1.0471975511965976, 1.0821041362364843, 1.117010721276371, 1.1519173063162575, 1.1868238913561442, 1.2217304763960306, 1.2566370614359172, 1.2915436464758039, 1.3264502315156905, 1.361356816555577, 1.3962634015954636, 1.4311699866353502, 1.4660765716752369, 1.5009831567151235, 1.53588974175501, 1.5707963267948966, 1.6057029118347832, 1.6406094968746698, 1.6755160819145565, 1.710422666954443, 1.7453292519943295, 1.7802358370342162, 1.8151424220741028, 1.8500490071139892, 1.8849555921538759, 1.9198621771937625, 1.9547687622336491, 1.9896753472735358, 2.0245819323134224, 2.059488517353309, 2.0943951023931953, 2.129301687433082, 2.1642082724729685, 2.199114857512855, 2.234021442552742, 2.2689280275926285, 2.303834612632515, 2.3387411976724017, 2.3736477827122884, 2.4085543677521746, 2.443460952792061, 2.478367537831948, 2.5132741228718345, 2.548180707911721, 2.5830872929516078, 2.6179938779914944, 2.652900463031381, 2.6878070480712677, 2.722713633111154, 2.7576202181510405, 2.792526803190927, 2.827433388230814, 2.8623399732707004, 2.897246558310587, 2.9321531433504737, 2.9670597283903604, 3.001966313430247, 3.036872898470133, 3.07177948351002, 3.1066860685499065, 3.141592653589793], "Pin_sensor": [102.33, 32.0, 154.61, 155.16, 171.47, 155.63, 154.17, 155.62, 154.01, 156.94, 154.57, 154.73, 171.3, 173.22, 166.87, 158.27, 189.37, 31.63, 32.39, 31.52, 31.92, 31.53, 31.09, 31.53, 31.52, 31.53, 31.51, 32.36, 32.27, 155.58, 155.65, 155.51, 140.95, 143.38, 153.67, 164.54, 163.85, 154.49, 88.59, 90.61, 88.19, 90.63, 90.23, 104.01, 103.61, 103.36, 100.35, 139.34, 103.15, 180.38, 178.9, 102.81, 172.21, 153.98, 150.9, 102.09, 100.86, 101.71, 102.42, 142.22, 134.93, 129.6, 118.99, 109.42, 106.56, 118.2, 114.78, 110.0, 108.54, 105.4, 107.48, 36.29, 105.11, 35.41, 105.04, 117.37, 35.78, 35.38, 35.78, 35.79, 36.18, 36.18, 36.23, 147.53, 0, 171.41, 169.02, 185.53, 162.56, 153.65], "Ir_sensor": [564.0, 1895.0, 39.0, 39.0, 39.0, 39.0, 39.0, 108.0, 39.0, 39.0, 39.0, 39.0, 41.0, 109.0, 56.0, 39.0, 39.0, 43.0, 39.0, 38.0, 110.0, 39.0, 647.0, 1006.0, 1119.0, 1238.0, 1561.0, 2255.0, 2967.0, 2895.0, 2866.0, 2053.0, 1384.0, 173.0, 63.0, 39.0, 39.0, 74.0, 250.0, 446.0, 593.0, 786.0, 1283.0, 666.0, 299.0, 541.0, 347.0, 354.0, 428.0, 621.0, 937.0, 963.0, 444.0, 138.0, 422.0, 354.0, 525.0, 578.0, 39.0, 110.0, 39.0, 80.0, 40.0, 39.0, 85.0, 39.0, 105.0, 39.0, 39.0, 39.0, 39.0, 39.0, 38.0, 39.0, 39.0, 39.0, 221.0, 862.0, 1036.0, 1174.0, 1317.0, 1658.0, 1781.0, 1436.0, 1080.0, 1297.0, 1052.0, 738.0, 467.0, 351.0], "Ir_degrees": [0.03490658503988659, 0.06981317007977318, 0.10471975511965978, 0.13962634015954636, 0.17453292519943295, 0.20943951023931956, 0.24434609527920614, 0.2792526803190927, 0.3141592653589793, 0.3490658503988659, 0.3839724354387525, 0.4188790204786391, 0.4537856055185257, 0.4886921905584123, 0.5235987755982988, 0.5585053606381855, 0.5934119456780721, 0.6283185307179586, 0.6632251157578453, 0.6981317007977318, 0.7330382858376184, 0.767944870877505, 0.8028514559173916, 0.8377580409572782, 0.8726646259971648, 0.9075712110370514, 0.9424777960769379, 0.9773843811168246, 1.0122909661567112, 1.0471975511965976, 1.0821041362364843, 1.117010721276371, 1.1519173063162575, 1.1868238913561442, 1.2217304763960306, 1.2566370614359172, 1.2915436464758039, 1.3264502315156905, 1.361356816555577, 1.3962634015954636, 1.4311699866353502, 1.4660765716752369, 1.5009831567151235, 1.53588974175501, 1.5707963267948966, 1.6057029118347832, 1.6406094968746698, 1.6755160819145565, 1.710422666954443, 1.7453292519943295, 1.7802358370342162, 1.8151424220741028, 1.8500490071139892, 1.8849555921538759, 1.9198621771937625, 1.9547687622336491, 1.9896753472735358, 2.0245819323134224, 2.059488517353309, 2.0943951023931953, 2.129301687433082, 2.1642082724729685, 2.199114857512855, 2.234021442552742, 2.2689280275926285, 2.303834612632515, 2.3387411976724017, 2.3736477827122884, 2.4085543677521746, 2.443460952792061, 2.478367537831948, 2.5132741228718345, 2.548180707911721, 2.5830872929516078, 2.6179938779914944, 2.652900463031381, 2.6878070480712677, 2.722713633111154, 2.7576202181510405, 2.792526803190927, 2.827433388230814, 2.8623399732707004, 2.897246558310587, 2.9321531433504737, 2.9670597283903604, 3.001966313430247, 3.036872898470133, 3.07177948351002, 3.1066860685499065, 3.141592653589793]}