{"Ir_sensor": [41.0, 497.0, 272.0, 117.0, 184.0, 373.0, 544.0, 54.0, 61.0, 172.0, 476.0, 623.0, 674.0, 815.0, 864.0, 1066.0, 1055.0, 1058.0, 1270.0, 1336.0, 851.0, 227.0, 152.0, 295.0, 446.0, 498.0, 588.0, 596.0, 252.0, 254.0, 958.0, 138.0, 39.0, 39.0, 39.0, 42.0, 39.0, 39.0, 39.0, 38.0, 39.0, 39.0, 39.0, 39.0, 109.0, 39.0, 39.0, 38.0, 109.0, 39.0, 39.0, 75.0, 38.0, 39.0, 39.0, 56.0, 39.0, 39.0, 39.0, 38.0, 39.0, 39.0, 54.0, 39.0, 38.0, 39.0, 39.0, 109.0, 39.0, 39.0, 39.0, 39.0, 39.0, 70.0, 66.0, 39.0, 108.0, 39.0, 39.0, 38.0, 44.0, 39.0, 39.0, 39.0, 97.0, 227.0, 140.0, 96.0, 38.0, 47.0], "Pin_sensor": [173.93, 51.32, 154.59, 153.87, 153.9, 155.04, 51.19, 51.72, 52.14, 50.89, 51.66, 50.84, 51.22, 51.64, 50.87, 51.62, 52.15, 51.33, 51.73, 51.8, 53.41, 140.54, 138.99, 160.73, 168.88, 168.91, 155.46, 160.75, 154.3, 165.95, 156.68, 141.92, 161.57, 157.54, 166.14, 159.78, 158.06, 156.23, 153.98, 162.67, 166.47, 154.26, 154.1, 169.1, 160.74, 153.92, 155.0, 153.55, 161.01, 154.73, 177.5, 173.77, 153.62, 166.96, 170.74, 164.87, 155.33, 166.93, 220.19, 156.95, 154.04, 167.5, 173.75, 158.73, 154.74, 177.53, 162.82, 154.15, 170.15, 169.13, 153.98, 167.51, 160.73, 152.23, 154.58, 0, 163.31, 159.87, 160.74, 163.15, 157.41, 161.35, 162.1, 154.51, 159.89, 174.75, 153.97, 155.64, 148.21, 154.32], "Pin_degrees": [0.03490658503988659, 0.06981317007977318, 0.10471975511965978, 0.13962634015954636, 0.17453292519943295, 0.20943951023931956, 0.24434609527920614, 0.2792526803190927, 0.3141592653589793, 0.3490658503988659, 0.3839724354387525, 0.4188790204786391, 0.4537856055185257, 0.4886921905584123, 0.5235987755982988, 0.5585053606381855, 0.5934119456780721, 0.6283185307179586, 0.6632251157578453, 0.6981317007977318, 0.7330382858376184, 0.767944870877505, 0.8028514559173916, 0.8377580409572782, 0.8726646259971648, 0.9075712110370514, 0.9424777960769379, 0.9773843811168246, 1.0122909661567112, 1.0471975511965976, 1.0821041362364843, 1.117010721276371, 1.1519173063162575, 1.1868238913561442, 1.2217304763960306, 1.2566370614359172, 1.2915436464758039, 1.3264502315156905, 1.361356816555577, 1.3962634015954636, 1.4311699866353502, 1.4660765716752369, 1.5009831567151235, 1.53588974175501, 1.5707963267948966, 1.6057029118347832, 1.6406094968746698, 1.6755160819145565, 1.710422666954443, 1.7453292519943295, 1.7802358370342162, 1.8151424220741028, 1.8500490071139892, 1.8849555921538759, 1.9198621771937625, 1.9547687622336491, 1.9896753472735358, 2.0245819323134224, 2.059488517353309, 2.0943951023931953, 2.129301687433082, 2.1642082724729685, 2.199114857512855, 2.234021442552742, 2.2689280275926285, 2.303834612632515, 2.3387411976724017, 2.3736477827122884, 2.4085543677521746, 2.443460952792061, 2.478367537831948, 2.5132741228718345, 2.548180707911721, 2.5830872929516078, 2.6179938779914944, 2.652900463031381, 2.6878070480712677, 2.722713633111154, 2.7576202181510405, 2.792526803190927, 2.827433388230814, 2.8623399732707004, 2.897246558310587, 2.9321531433504737, 2.9670597283903604, 3.001966313430247, 3.036872898470133, 3.07177948351002, 3.1066860685499065, 3.141592653589793], "Ir_degrees": [0.03490658503988659, 0.06981317007977318, 0.10471975511965978, 0.13962634015954636, 0.17453292519943295, 0.20943951023931956, 0.24434609527920614, 0.2792526803190927, 0.3141592653589793, 0.3490658503988659, 0.3839724354387525, 0.4188790204786391, 0.4537856055185257, 0.4886921905584123, 0.5235987755982988, 0.5585053606381855, 0.5934119456780721, 0.6283185307179586, 0.6632251157578453, 0.6981317007977318, 0.7330382858376184, 0.767944870877505, 0.8028514559173916, 0.8377580409572782, 0.8726646259971648, 0.9075712110370514, 0.9424777960769379, 0.9773843811168246, 1.0122909661567112, 1.0471975511965976, 1.0821041362364843, 1.117010721276371, 1.1519173063162575, 1.1868238913561442, 1.2217304763960306, 1.2566370614359172, 1.2915436464758039, 1.3264502315156905, 1.361356816555577, 1.3962634015954636, 1.4311699866353502, 1.4660765716752369, 1.5009831567151235, 1.53588974175501, 1.5707963267948966, 1.6057029118347832, 1.6406094968746698, 1.6755160819145565, 1.710422666954443, 1.7453292519943295, 1.7802358370342162, 1.8151424220741028, 1.8500490071139892, 1.8849555921538759, 1.9198621771937625, 1.9547687622336491, 1.9896753472735358, 2.0245819323134224, 2.059488517353309, 2.0943951023931953, 2.129301687433082, 2.1642082724729685, 2.199114857512855, 2.234021442552742, 2.2689280275926285, 2.303834612632515, 2.3387411976724017, 2.3736477827122884, 2.4085543677521746, 2.443460952792061, 2.478367537831948, 2.5132741228718345, 2.548180707911721, 2.5830872929516078, 2.6179938779914944, 2.652900463031381, 2.6878070480712677, 2.722713633111154, 2.7576202181510405, 2.792526803190927, 2.827433388230814, 2.8623399732707004, 2.897246558310587, 2.9321531433504737, 2.9670597283903604, 3.001966313430247, 3.036872898470133, 3.07177948351002, 3.1066860685499065, 3.141592653589793]}