{"Pin_degrees": [0.03490658503988659, 0.06981317007977318, 0.10471975511965978, 0.13962634015954636, 0.17453292519943295, 0.20943951023931956, 0.24434609527920614, 0.2792526803190927, 0.3141592653589793, 0.3490658503988659, 0.3839724354387525, 0.4188790204786391, 0.4537856055185257, 0.4886921905584123, 0.5235987755982988, 0.5585053606381855, 0.5934119456780721, 0.6283185307179586, 0.6632251157578453, 0.6981317007977318, 0.7330382858376184, 0.767944870877505, 0.8028514559173916, 0.8377580409572782, 0.8726646259971648, 0.9075712110370514, 0.9424777960769379, 0.9773843811168246, 1.0122909661567112, 1.0471975511965976, 1.0821041362364843, 1.117010721276371, 1.1519173063162575, 1.1868238913561442, 1.2217304763960306, 1.2566370614359172, 1.2915436464758039, 1.3264502315156905, 1.361356816555577, 1.3962634015954636, 1.4311699866353502, 1.4660765716752369, 1.5009831567151235, 1.53588974175501, 1.5707963267948966, 1.6057029118347832, 1.6406094968746698, 1.6755160819145565, 1.710422666954443, 1.7453292519943295, 1.7802358370342162, 1.8151424220741028, 1.8500490071139892, 1.8849555921538759, 1.9198621771937625, 1.9547687622336491, 1.9896753472735358, 2.0245819323134224, 2.059488517353309, 2.0943951023931953, 2.129301687433082, 2.1642082724729685, 2.199114857512855, 2.234021442552742, 2.2689280275926285, 2.303834612632515, 2.3387411976724017, 2.3736477827122884, 2.4085543677521746, 2.443460952792061, 2.478367537831948, 2.5132741228718345, 2.548180707911721, 2.5830872929516078, 2.6179938779914944, 2.652900463031381, 2.6878070480712677, 2.722713633111154, 2.7576202181510405, 2.792526803190927, 2.827433388230814, 2.8623399732707004, 2.897246558310587, 2.9321531433504737, 2.9670597283903604, 3.001966313430247, 3.036872898470133, 3.07177948351002, 3.1066860685499065, 3.141592653589793], "Ir_degrees": [0.03490658503988659, 0.06981317007977318, 0.10471975511965978, 0.13962634015954636, 0.17453292519943295, 0.20943951023931956, 0.24434609527920614, 0.2792526803190927, 0.3141592653589793, 0.3490658503988659, 0.3839724354387525, 0.4188790204786391, 0.4537856055185257, 0.4886921905584123, 0.5235987755982988, 0.5585053606381855, 0.5934119456780721, 0.6283185307179586, 0.6632251157578453, 0.6981317007977318, 0.7330382858376184, 0.767944870877505, 0.8028514559173916, 0.8377580409572782, 0.8726646259971648, 0.9075712110370514, 0.9424777960769379, 0.9773843811168246, 1.0122909661567112, 1.0471975511965976, 1.0821041362364843, 1.117010721276371, 1.1519173063162575, 1.1868238913561442, 1.2217304763960306, 1.2566370614359172, 1.2915436464758039, 1.3264502315156905, 1.361356816555577, 1.3962634015954636, 1.4311699866353502, 1.4660765716752369, 1.5009831567151235, 1.53588974175501, 1.5707963267948966, 1.6057029118347832, 1.6406094968746698, 1.6755160819145565, 1.710422666954443, 1.7453292519943295, 1.7802358370342162, 1.8151424220741028, 1.8500490071139892, 1.8849555921538759, 1.9198621771937625, 1.9547687622336491, 1.9896753472735358, 2.0245819323134224, 2.059488517353309, 2.0943951023931953, 2.129301687433082, 2.1642082724729685, 2.199114857512855, 2.234021442552742, 2.2689280275926285, 2.303834612632515, 2.3387411976724017, 2.3736477827122884, 2.4085543677521746, 2.443460952792061, 2.478367537831948, 2.5132741228718345, 2.548180707911721, 2.5830872929516078, 2.6179938779914944, 2.652900463031381, 2.6878070480712677, 2.722713633111154, 2.7576202181510405, 2.792526803190927, 2.827433388230814, 2.8623399732707004, 2.897246558310587, 2.9321531433504737, 2.9670597283903604, 3.001966313430247, 3.036872898470133, 3.07177948351002, 3.1066860685499065, 3.141592653589793], "Pin_sensor": [155.24, 153.46, 36.74, 37.49, 38.35, 181.35, 154.89, 0, 162.37, 158.39, 164.99, 163.49, 168.87, 153.62, 168.49, 173.77, 160.79, 179.22, 154.07, 168.53, 171.15, 153.49, 157.75, 155.35, 160.06, 155.77, 154.5, 153.51, 164.85, 155.77, 160.8, 180.5, 182.96, 156.59, 168.48, 170.31, 153.44, 153.54, 239.53, 161.12, 160.14, 209.9, 170.99, 176.7, 34.58, 34.56, 33.75, 33.3, 33.72, 33.26, 32.82, 32.84, 32.82, 33.26, 33.76, 33.26, 33.77, 33.71, 34.15, 34.18, 120.86, 121.8, 116.27, 116.71, 116.18, 114.88, 114.86, 114.05, 114.77, 114.03, 114.34, 114.71, 114.36, 113.98, 114.75, 114.37, 115.21, 114.8, 114.55, 115.73, 115.81, 116.69, 156.09, 156.05, 153.57, 155.62, 154.04, 173.02, 164.96, 155.52], "Ir_sensor": [473.0, 142.0, 2454.0, 1669.0, 1149.0, 63.0, 39.0, 41.0, 74.0, 122.0, 275.0, 449.0, 498.0, 371.0, 318.0, 352.0, 221.0, 293.0, 302.0, 320.0, 313.0, 373.0, 113.0, 81.0, 217.0, 251.0, 272.0, 184.0, 409.0, 245.0, 211.0, 421.0, 191.0, 220.0, 225.0, 319.0, 248.0, 163.0, 39.0, 39.0, 40.0, 41.0, 394.0, 215.0, 320.0, 344.0, 188.0, 39.0, 43.0, 39.0, 40.0, 518.0, 858.0, 1149.0, 1221.0, 1513.0, 1743.0, 2028.0, 2446.0, 2900.0, 1767.0, 1054.0, 598.0, 449.0, 299.0, 297.0, 423.0, 351.0, 291.0, 371.0, 372.0, 394.0, 425.0, 449.0, 478.0, 500.0, 548.0, 599.0, 596.0, 447.0, 448.0, 445.0, 491.0, 467.0, 380.0, 321.0, 349.0, 89.0, 272.0, 270.0]}