{"Ir_degrees": [0.03490658503988659, 0.06981317007977318, 0.10471975511965978, 0.13962634015954636, 0.17453292519943295, 0.20943951023931956, 0.24434609527920614, 0.2792526803190927, 0.3141592653589793, 0.3490658503988659, 0.3839724354387525, 0.4188790204786391, 0.4537856055185257, 0.4886921905584123, 0.5235987755982988, 0.5585053606381855, 0.5934119456780721, 0.6283185307179586, 0.6632251157578453, 0.6981317007977318, 0.7330382858376184, 0.767944870877505, 0.8028514559173916, 0.8377580409572782, 0.8726646259971648, 0.9075712110370514, 0.9424777960769379, 0.9773843811168246, 1.0122909661567112, 1.0471975511965976, 1.0821041362364843, 1.117010721276371, 1.1519173063162575, 1.1868238913561442, 1.2217304763960306, 1.2566370614359172, 1.2915436464758039, 1.3264502315156905, 1.361356816555577, 1.3962634015954636, 1.4311699866353502, 1.4660765716752369, 1.5009831567151235, 1.53588974175501, 1.5707963267948966, 1.6057029118347832, 1.6406094968746698, 1.6755160819145565, 1.710422666954443, 1.7453292519943295, 1.7802358370342162, 1.8151424220741028, 1.8500490071139892, 1.8849555921538759, 1.9198621771937625, 1.9547687622336491, 1.9896753472735358, 2.0245819323134224, 2.059488517353309, 2.0943951023931953, 2.129301687433082, 2.1642082724729685, 2.199114857512855, 2.234021442552742, 2.2689280275926285, 2.303834612632515, 2.3387411976724017, 2.3736477827122884, 2.4085543677521746, 2.443460952792061, 2.478367537831948, 2.5132741228718345, 2.548180707911721, 2.5830872929516078, 2.6179938779914944, 2.652900463031381, 2.6878070480712677, 2.722713633111154, 2.7576202181510405, 2.792526803190927, 2.827433388230814, 2.8623399732707004, 2.897246558310587, 2.9321531433504737, 2.9670597283903604, 3.001966313430247, 3.036872898470133, 3.07177948351002, 3.1066860685499065, 3.141592653589793], "Pin_degrees": [0.03490658503988659, 0.06981317007977318, 0.10471975511965978, 0.13962634015954636, 0.17453292519943295, 0.20943951023931956, 0.24434609527920614, 0.2792526803190927, 0.3141592653589793, 0.3490658503988659, 0.3839724354387525, 0.4188790204786391, 0.4537856055185257, 0.4886921905584123, 0.5235987755982988, 0.5585053606381855, 0.5934119456780721, 0.6283185307179586, 0.6632251157578453, 0.6981317007977318, 0.7330382858376184, 0.767944870877505, 0.8028514559173916, 0.8377580409572782, 0.8726646259971648, 0.9075712110370514, 0.9424777960769379, 0.9773843811168246, 1.0122909661567112, 1.0471975511965976, 1.0821041362364843, 1.117010721276371, 1.1519173063162575, 1.1868238913561442, 1.2217304763960306, 1.2566370614359172, 1.2915436464758039, 1.3264502315156905, 1.361356816555577, 1.3962634015954636, 1.4311699866353502, 1.4660765716752369, 1.5009831567151235, 1.53588974175501, 1.5707963267948966, 1.6057029118347832, 1.6406094968746698, 1.6755160819145565, 1.710422666954443, 1.7453292519943295, 1.7802358370342162, 1.8151424220741028, 1.8500490071139892, 1.8849555921538759, 1.9198621771937625, 1.9547687622336491, 1.9896753472735358, 2.0245819323134224, 2.059488517353309, 2.0943951023931953, 2.129301687433082, 2.1642082724729685, 2.199114857512855, 2.234021442552742, 2.2689280275926285, 2.303834612632515, 2.3387411976724017, 2.3736477827122884, 2.4085543677521746, 2.443460952792061, 2.478367537831948, 2.5132741228718345, 2.548180707911721, 2.5830872929516078, 2.6179938779914944, 2.652900463031381, 2.6878070480712677, 2.722713633111154, 2.7576202181510405, 2.792526803190927, 2.827433388230814, 2.8623399732707004, 2.897246558310587, 2.9321531433504737, 2.9670597283903604, 3.001966313430247, 3.036872898470133, 3.07177948351002, 3.1066860685499065, 3.141592653589793], "Pin_sensor": [111.12, 124.85, 153.78, 161.0, 182.84, 155.89, 155.1, 170.25, 189.1, 224.88, 154.35, 153.96, 129.26, 126.3, 125.89, 125.36, 37.19, 36.76, 37.52, 37.14, 36.35, 37.12, 36.76, 36.78, 36.77, 36.76, 37.61, 122.45, 122.45, 122.48, 122.1, 122.84, 122.49, 122.92, 122.93, 122.58, 112.7, 122.74, 111.56, 111.77, 111.09, 111.57, 110.29, 112.24, 110.99, 111.8, 112.26, 110.6, 111.64, 111.57, 111.6, 111.85, 0, 112.32, 113.22, 112.82, 112.82, 112.87, 113.69, 155.31, 154.1, 154.95, 166.87, 153.66, 155.81, 154.53, 36.15, 36.13, 35.3, 35.27, 34.85, 35.26, 34.84, 34.85, 34.92, 35.3, 35.37, 159.12, 155.21, 154.16, 154.75, 154.98, 153.94, 170.93, 164.83, 156.73, 154.28, 155.07, 153.75, 154.93], "Ir_sensor": [399.0, 303.0, 273.0, 347.0, 318.0, 223.0, 246.0, 224.0, 326.0, 216.0, 349.0, 121.0, 194.0, 42.0, 44.0, 42.0, 62.0, 39.0, 44.0, 39.0, 275.0, 769.0, 932.0, 1072.0, 1337.0, 1770.0, 2243.0, 2328.0, 2268.0, 1738.0, 1166.0, 597.0, 275.0, 189.0, 113.0, 184.0, 201.0, 397.0, 253.0, 249.0, 456.0, 291.0, 343.0, 377.0, 376.0, 399.0, 424.0, 400.0, 447.0, 520.0, 475.0, 493.0, 573.0, 471.0, 590.0, 544.0, 442.0, 548.0, 520.0, 526.0, 371.0, 496.0, 191.0, 355.0, 643.0, 164.0, 191.0, 300.0, 133.0, 111.0, 156.0, 640.0, 900.0, 1168.0, 1427.0, 1940.0, 2472.0, 2326.0, 2330.0, 1238.0, 810.0, 38.0, 39.0, 39.0, 39.0, 39.0, 39.0, 39.0, 39.0, 110.0]}