{"Pin_degrees": [0.03490658503988659, 0.06981317007977318, 0.10471975511965978, 0.13962634015954636, 0.17453292519943295, 0.20943951023931956, 0.24434609527920614, 0.2792526803190927, 0.3141592653589793, 0.3490658503988659, 0.3839724354387525, 0.4188790204786391, 0.4537856055185257, 0.4886921905584123, 0.5235987755982988, 0.5585053606381855, 0.5934119456780721, 0.6283185307179586, 0.6632251157578453, 0.6981317007977318, 0.7330382858376184, 0.767944870877505, 0.8028514559173916, 0.8377580409572782, 0.8726646259971648, 0.9075712110370514, 0.9424777960769379, 0.9773843811168246, 1.0122909661567112, 1.0471975511965976, 1.0821041362364843, 1.117010721276371, 1.1519173063162575, 1.1868238913561442, 1.2217304763960306, 1.2566370614359172, 1.2915436464758039, 1.3264502315156905, 1.361356816555577, 1.3962634015954636, 1.4311699866353502, 1.4660765716752369, 1.5009831567151235, 1.53588974175501, 1.5707963267948966, 1.6057029118347832, 1.6406094968746698, 1.6755160819145565, 1.710422666954443, 1.7453292519943295, 1.7802358370342162, 1.8151424220741028, 1.8500490071139892, 1.8849555921538759, 1.9198621771937625, 1.9547687622336491, 1.9896753472735358, 2.0245819323134224, 2.059488517353309, 2.0943951023931953, 2.129301687433082, 2.1642082724729685, 2.199114857512855, 2.234021442552742, 2.2689280275926285, 2.303834612632515, 2.3387411976724017, 2.3736477827122884, 2.4085543677521746, 2.443460952792061, 2.478367537831948, 2.5132741228718345, 2.548180707911721, 2.5830872929516078, 2.6179938779914944, 2.652900463031381, 2.6878070480712677, 2.722713633111154, 2.7576202181510405, 2.792526803190927, 2.827433388230814, 2.8623399732707004, 2.897246558310587, 2.9321531433504737, 2.9670597283903604, 3.001966313430247, 3.036872898470133, 3.07177948351002, 3.1066860685499065, 3.141592653589793], "Ir_sensor": [74.0, 1993.0, 131.0, 418.0, 139.0, 326.0, 189.0, 70.0, 43.0, 39.0, 39.0, 75.0, 39.0, 38.0, 574.0, 1027.0, 1272.0, 1318.0, 1341.0, 1338.0, 1453.0, 1479.0, 1476.0, 1480.0, 1561.0, 2057.0, 3058.0, 3411.0, 3096.0, 2105.0, 1482.0, 668.0, 493.0, 391.0, 137.0, 348.0, 571.0, 39.0, 82.0, 39.0, 40.0, 39.0, 38.0, 39.0, 39.0, 108.0, 39.0, 39.0, 38.0, 39.0, 39.0, 39.0, 38.0, 39.0, 39.0, 41.0, 75.0, 159.0, 116.0, 90.0, 209.0, 293.0, 273.0, 341.0, 250.0, 192.0, 50.0, 93.0, 382.0, 162.0, 140.0, 215.0, 252.0, 255.0, 224.0, 250.0, 186.0, 91.0, 151.0, 39.0, 39.0, 274.0, 1590.0, 1787.0, 1922.0, 2015.0, 2045.0, 2042.0, 2071.0, 2289.0], "Pin_sensor": [132.08, 24.19, 137.86, 154.59, 158.96, 136.75, 27.35, 26.09, 25.6, 25.17, 25.13, 24.72, 24.69, 24.26, 24.22, 24.21, 24.22, 24.62, 24.6, 24.21, 24.2, 24.59, 24.65, 24.63, 25.08, 25.08, 25.13, 25.99, 25.99, 27.31, 28.56, 129.53, 118.22, 117.94, 111.9, 108.11, 113.12, 119.45, 122.78, 113.78, 109.33, 110.99, 120.85, 123.66, 126.03, 121.31, 128.39, 132.03, 145.83, 148.56, 158.2, 155.22, 160.96, 169.22, 158.35, 165.94, 155.63, 154.63, 160.71, 165.52, 174.39, 158.31, 154.25, 156.52, 175.85, 153.63, 161.35, 164.23, 164.89, 155.99, 157.74, 142.93, 145.55, 158.12, 17.49, 17.03, 16.54, 16.14, 15.67, 15.29, 15.62, 15.62, 15.29, 15.29, 15.3, 15.15, 15.15, 15.16, 15.59, 15.58], "Ir_degrees": [0.03490658503988659, 0.06981317007977318, 0.10471975511965978, 0.13962634015954636, 0.17453292519943295, 0.20943951023931956, 0.24434609527920614, 0.2792526803190927, 0.3141592653589793, 0.3490658503988659, 0.3839724354387525, 0.4188790204786391, 0.4537856055185257, 0.4886921905584123, 0.5235987755982988, 0.5585053606381855, 0.5934119456780721, 0.6283185307179586, 0.6632251157578453, 0.6981317007977318, 0.7330382858376184, 0.767944870877505, 0.8028514559173916, 0.8377580409572782, 0.8726646259971648, 0.9075712110370514, 0.9424777960769379, 0.9773843811168246, 1.0122909661567112, 1.0471975511965976, 1.0821041362364843, 1.117010721276371, 1.1519173063162575, 1.1868238913561442, 1.2217304763960306, 1.2566370614359172, 1.2915436464758039, 1.3264502315156905, 1.361356816555577, 1.3962634015954636, 1.4311699866353502, 1.4660765716752369, 1.5009831567151235, 1.53588974175501, 1.5707963267948966, 1.6057029118347832, 1.6406094968746698, 1.6755160819145565, 1.710422666954443, 1.7453292519943295, 1.7802358370342162, 1.8151424220741028, 1.8500490071139892, 1.8849555921538759, 1.9198621771937625, 1.9547687622336491, 1.9896753472735358, 2.0245819323134224, 2.059488517353309, 2.0943951023931953, 2.129301687433082, 2.1642082724729685, 2.199114857512855, 2.234021442552742, 2.2689280275926285, 2.303834612632515, 2.3387411976724017, 2.3736477827122884, 2.4085543677521746, 2.443460952792061, 2.478367537831948, 2.5132741228718345, 2.548180707911721, 2.5830872929516078, 2.6179938779914944, 2.652900463031381, 2.6878070480712677, 2.722713633111154, 2.7576202181510405, 2.792526803190927, 2.827433388230814, 2.8623399732707004, 2.897246558310587, 2.9321531433504737, 2.9670597283903604, 3.001966313430247, 3.036872898470133, 3.07177948351002, 3.1066860685499065, 3.141592653589793]}