{"Pin_degrees": [0.03490658503988659, 0.06981317007977318, 0.10471975511965978, 0.13962634015954636, 0.17453292519943295, 0.20943951023931956, 0.24434609527920614, 0.2792526803190927, 0.3141592653589793, 0.3490658503988659, 0.3839724354387525, 0.4188790204786391, 0.4537856055185257, 0.4886921905584123, 0.5235987755982988, 0.5585053606381855, 0.5934119456780721, 0.6283185307179586, 0.6632251157578453, 0.6981317007977318, 0.7330382858376184, 0.767944870877505, 0.8028514559173916, 0.8377580409572782, 0.8726646259971648, 0.9075712110370514, 0.9424777960769379, 0.9773843811168246, 1.0122909661567112, 1.0471975511965976, 1.0821041362364843, 1.117010721276371, 1.1519173063162575, 1.1868238913561442, 1.2217304763960306, 1.2566370614359172, 1.2915436464758039, 1.3264502315156905, 1.361356816555577, 1.3962634015954636, 1.4311699866353502, 1.4660765716752369, 1.5009831567151235, 1.53588974175501, 1.5707963267948966, 1.6057029118347832, 1.6406094968746698, 1.6755160819145565, 1.710422666954443, 1.7453292519943295, 1.7802358370342162, 1.8151424220741028, 1.8500490071139892, 1.8849555921538759, 1.9198621771937625, 1.9547687622336491, 1.9896753472735358, 2.0245819323134224, 2.059488517353309, 2.0943951023931953, 2.129301687433082, 2.1642082724729685, 2.199114857512855, 2.234021442552742, 2.2689280275926285, 2.303834612632515, 2.3387411976724017, 2.3736477827122884, 2.4085543677521746, 2.443460952792061, 2.478367537831948, 2.5132741228718345, 2.548180707911721, 2.5830872929516078, 2.6179938779914944, 2.652900463031381, 2.6878070480712677, 2.722713633111154, 2.7576202181510405, 2.792526803190927, 2.827433388230814, 2.8623399732707004, 2.897246558310587, 2.9321531433504737, 2.9670597283903604, 3.001966313430247, 3.036872898470133, 3.07177948351002, 3.1066860685499065, 3.141592653589793], "Pin_sensor": [115.75, 125.39, 153.69, 139.44, 143.27, 133.17, 154.56, 137.54, 134.68, 155.05, 134.32, 136.71, 132.63, 197.79, 133.87, 137.97, 127.53, 126.27, 137.23, 127.37, 127.79, 126.94, 124.52, 124.51, 121.35, 121.87, 117.57, 108.2, 113.83, 129.39, 122.98, 128.27, 122.77, 116.59, 110.9, 103.57, 104.99, 104.47, 110.75, 106.03, 110.81, 114.83, 104.33, 104.48, 103.48, 109.09, 102.65, 98.89, 105.65, 116.37, 105.94, 95.99, 102.55, 110.6, 110.98, 113.8, 119.4, 117.69, 134.46, 134.26, 143.11, 154.88, 158.56, 161.12, 175.89, 155.88, 165.37, 154.59, 139.26, 155.15, 152.18, 146.18, 156.1, 161.35, 154.96, 151.0, 141.95, 133.19, 153.43, 153.91, 156.39, 147.28, 157.88, 160.36, 136.0, 153.62, 169.13, 154.68, 156.4, 155.37], "Ir_degrees": [0.03490658503988659, 0.06981317007977318, 0.10471975511965978, 0.13962634015954636, 0.17453292519943295, 0.20943951023931956, 0.24434609527920614, 0.2792526803190927, 0.3141592653589793, 0.3490658503988659, 0.3839724354387525, 0.4188790204786391, 0.4537856055185257, 0.4886921905584123, 0.5235987755982988, 0.5585053606381855, 0.5934119456780721, 0.6283185307179586, 0.6632251157578453, 0.6981317007977318, 0.7330382858376184, 0.767944870877505, 0.8028514559173916, 0.8377580409572782, 0.8726646259971648, 0.9075712110370514, 0.9424777960769379, 0.9773843811168246, 1.0122909661567112, 1.0471975511965976, 1.0821041362364843, 1.117010721276371, 1.1519173063162575, 1.1868238913561442, 1.2217304763960306, 1.2566370614359172, 1.2915436464758039, 1.3264502315156905, 1.361356816555577, 1.3962634015954636, 1.4311699866353502, 1.4660765716752369, 1.5009831567151235, 1.53588974175501, 1.5707963267948966, 1.6057029118347832, 1.6406094968746698, 1.6755160819145565, 1.710422666954443, 1.7453292519943295, 1.7802358370342162, 1.8151424220741028, 1.8500490071139892, 1.8849555921538759, 1.9198621771937625, 1.9547687622336491, 1.9896753472735358, 2.0245819323134224, 2.059488517353309, 2.0943951023931953, 2.129301687433082, 2.1642082724729685, 2.199114857512855, 2.234021442552742, 2.2689280275926285, 2.303834612632515, 2.3387411976724017, 2.3736477827122884, 2.4085543677521746, 2.443460952792061, 2.478367537831948, 2.5132741228718345, 2.548180707911721, 2.5830872929516078, 2.6179938779914944, 2.652900463031381, 2.6878070480712677, 2.722713633111154, 2.7576202181510405, 2.792526803190927, 2.827433388230814, 2.8623399732707004, 2.897246558310587, 2.9321531433504737, 2.9670597283903604, 3.001966313430247, 3.036872898470133, 3.07177948351002, 3.1066860685499065, 3.141592653589793], "Ir_sensor": [83.0, 39.0, 39.0, 159.0, 39.0, 39.0, 39.0, 39.0, 39.0, 110.0, 103.0, 38.0, 86.0, 251.0, 183.0, 498.0, 144.0, 189.0, 445.0, 370.0, 50.0, 39.0, 39.0, 109.0, 38.0, 39.0, 63.0, 39.0, 301.0, 109.0, 139.0, 109.0, 271.0, 623.0, 477.0, 39.0, 43.0, 41.0, 109.0, 39.0, 39.0, 39.0, 39.0, 39.0, 39.0, 38.0, 39.0, 109.0, 39.0, 42.0, 41.0, 108.0, 39.0, 39.0, 39.0, 105.0, 226.0, 145.0, 192.0, 248.0, 320.0, 370.0, 351.0, 208.0, 163.0, 322.0, 327.0, 435.0, 216.0, 139.0, 139.0, 250.0, 295.0, 193.0, 224.0, 251.0, 281.0, 245.0, 213.0, 249.0, 189.0, 250.0, 378.0, 522.0, 473.0, 592.0, 393.0, 396.0, 351.0, 379.0]}