{"Pin_sensor": [154.9, 149.88, 58.4, 59.46, 60.32, 60.76, 59.06, 155.04, 155.03, 143.82, 142.41, 163.07, 154.51, 151.58, 133.47, 134.63, 147.94, 167.07, 156.71, 144.0, 154.66, 150.41, 132.12, 150.1, 154.51, 155.12, 155.71, 135.02, 123.58, 132.74, 130.9, 155.04, 130.07, 129.5, 140.36, 169.42, 168.74, 156.14, 154.62, 154.07, 154.08, 132.43, 137.56, 153.28, 164.98, 155.0, 140.33, 138.79, 133.71, 126.09, 119.47, 119.07, 106.8, 101.31, 114.96, 119.89, 108.1, 114.65, 103.54, 0, 113.86, 111.79, 110.04, 111.25, 119.94, 118.22, 126.97, 127.26, 122.99, 136.25, 126.66, 124.94, 119.84, 113.05, 113.3, 110.56, 115.47, 125.99, 128.05, 132.58, 127.12, 127.13, 119.89, 63.47, 63.79, 63.76, 64.17, 123.21, 64.52, 63.77], "Ir_degrees": [0.03490658503988659, 0.06981317007977318, 0.10471975511965978, 0.13962634015954636, 0.17453292519943295, 0.20943951023931956, 0.24434609527920614, 0.2792526803190927, 0.3141592653589793, 0.3490658503988659, 0.3839724354387525, 0.4188790204786391, 0.4537856055185257, 0.4886921905584123, 0.5235987755982988, 0.5585053606381855, 0.5934119456780721, 0.6283185307179586, 0.6632251157578453, 0.6981317007977318, 0.7330382858376184, 0.767944870877505, 0.8028514559173916, 0.8377580409572782, 0.8726646259971648, 0.9075712110370514, 0.9424777960769379, 0.9773843811168246, 1.0122909661567112, 1.0471975511965976, 1.0821041362364843, 1.117010721276371, 1.1519173063162575, 1.1868238913561442, 1.2217304763960306, 1.2566370614359172, 1.2915436464758039, 1.3264502315156905, 1.361356816555577, 1.3962634015954636, 1.4311699866353502, 1.4660765716752369, 1.5009831567151235, 1.53588974175501, 1.5707963267948966, 1.6057029118347832, 1.6406094968746698, 1.6755160819145565, 1.710422666954443, 1.7453292519943295, 1.7802358370342162, 1.8151424220741028, 1.8500490071139892, 1.8849555921538759, 1.9198621771937625, 1.9547687622336491, 1.9896753472735358, 2.0245819323134224, 2.059488517353309, 2.0943951023931953, 2.129301687433082, 2.1642082724729685, 2.199114857512855, 2.234021442552742, 2.2689280275926285, 2.303834612632515, 2.3387411976724017, 2.3736477827122884, 2.4085543677521746, 2.443460952792061, 2.478367537831948, 2.5132741228718345, 2.548180707911721, 2.5830872929516078, 2.6179938779914944, 2.652900463031381, 2.6878070480712677, 2.722713633111154, 2.7576202181510405, 2.792526803190927, 2.827433388230814, 2.8623399732707004, 2.897246558310587, 2.9321531433504737, 2.9670597283903604, 3.001966313430247, 3.036872898470133, 3.07177948351002, 3.1066860685499065, 3.141592653589793], "Ir_sensor": [352.0, 41.0, 1390.0, 1802.0, 1482.0, 1459.0, 547.0, 829.0, 547.0, 39.0, 44.0, 118.0, 39.0, 42.0, 42.0, 86.0, 39.0, 39.0, 39.0, 39.0, 39.0, 39.0, 39.0, 38.0, 39.0, 39.0, 39.0, 39.0, 144.0, 84.0, 39.0, 39.0, 89.0, 348.0, 497.0, 693.0, 748.0, 954.0, 1169.0, 1127.0, 1395.0, 1420.0, 1190.0, 791.0, 374.0, 298.0, 234.0, 184.0, 247.0, 274.0, 234.0, 266.0, 221.0, 324.0, 327.0, 381.0, 397.0, 323.0, 422.0, 192.0, 137.0, 211.0, 221.0, 320.0, 294.0, 272.0, 175.0, 352.0, 476.0, 448.0, 352.0, 400.0, 245.0, 253.0, 350.0, 214.0, 216.0, 250.0, 273.0, 62.0, 63.0, 38.0, 50.0, 187.0, 227.0, 220.0, 139.0, 49.0, 140.0, 232.0], "Pin_degrees": [0.03490658503988659, 0.06981317007977318, 0.10471975511965978, 0.13962634015954636, 0.17453292519943295, 0.20943951023931956, 0.24434609527920614, 0.2792526803190927, 0.3141592653589793, 0.3490658503988659, 0.3839724354387525, 0.4188790204786391, 0.4537856055185257, 0.4886921905584123, 0.5235987755982988, 0.5585053606381855, 0.5934119456780721, 0.6283185307179586, 0.6632251157578453, 0.6981317007977318, 0.7330382858376184, 0.767944870877505, 0.8028514559173916, 0.8377580409572782, 0.8726646259971648, 0.9075712110370514, 0.9424777960769379, 0.9773843811168246, 1.0122909661567112, 1.0471975511965976, 1.0821041362364843, 1.117010721276371, 1.1519173063162575, 1.1868238913561442, 1.2217304763960306, 1.2566370614359172, 1.2915436464758039, 1.3264502315156905, 1.361356816555577, 1.3962634015954636, 1.4311699866353502, 1.4660765716752369, 1.5009831567151235, 1.53588974175501, 1.5707963267948966, 1.6057029118347832, 1.6406094968746698, 1.6755160819145565, 1.710422666954443, 1.7453292519943295, 1.7802358370342162, 1.8151424220741028, 1.8500490071139892, 1.8849555921538759, 1.9198621771937625, 1.9547687622336491, 1.9896753472735358, 2.0245819323134224, 2.059488517353309, 2.0943951023931953, 2.129301687433082, 2.1642082724729685, 2.199114857512855, 2.234021442552742, 2.2689280275926285, 2.303834612632515, 2.3387411976724017, 2.3736477827122884, 2.4085543677521746, 2.443460952792061, 2.478367537831948, 2.5132741228718345, 2.548180707911721, 2.5830872929516078, 2.6179938779914944, 2.652900463031381, 2.6878070480712677, 2.722713633111154, 2.7576202181510405, 2.792526803190927, 2.827433388230814, 2.8623399732707004, 2.897246558310587, 2.9321531433504737, 2.9670597283903604, 3.001966313430247, 3.036872898470133, 3.07177948351002, 3.1066860685499065, 3.141592653589793]}