{"Pin_degrees": [0.03490658503988659, 0.06981317007977318, 0.10471975511965978, 0.13962634015954636, 0.17453292519943295, 0.20943951023931956, 0.24434609527920614, 0.2792526803190927, 0.3141592653589793, 0.3490658503988659, 0.3839724354387525, 0.4188790204786391, 0.4537856055185257, 0.4886921905584123, 0.5235987755982988, 0.5585053606381855, 0.5934119456780721, 0.6283185307179586, 0.6632251157578453, 0.6981317007977318, 0.7330382858376184, 0.767944870877505, 0.8028514559173916, 0.8377580409572782, 0.8726646259971648, 0.9075712110370514, 0.9424777960769379, 0.9773843811168246, 1.0122909661567112, 1.0471975511965976, 1.0821041362364843, 1.117010721276371, 1.1519173063162575, 1.1868238913561442, 1.2217304763960306, 1.2566370614359172, 1.2915436464758039, 1.3264502315156905, 1.361356816555577, 1.3962634015954636, 1.4311699866353502, 1.4660765716752369, 1.5009831567151235, 1.53588974175501, 1.5707963267948966, 1.6057029118347832, 1.6406094968746698, 1.6755160819145565, 1.710422666954443, 1.7453292519943295, 1.7802358370342162, 1.8151424220741028, 1.8500490071139892, 1.8849555921538759, 1.9198621771937625, 1.9547687622336491, 1.9896753472735358, 2.0245819323134224, 2.059488517353309, 2.0943951023931953, 2.129301687433082, 2.1642082724729685, 2.199114857512855, 2.234021442552742, 2.2689280275926285, 2.303834612632515, 2.3387411976724017, 2.3736477827122884, 2.4085543677521746, 2.443460952792061, 2.478367537831948, 2.5132741228718345, 2.548180707911721, 2.5830872929516078, 2.6179938779914944, 2.652900463031381, 2.6878070480712677, 2.722713633111154, 2.7576202181510405, 2.792526803190927, 2.827433388230814, 2.8623399732707004, 2.897246558310587, 2.9321531433504737, 2.9670597283903604, 3.001966313430247, 3.036872898470133, 3.07177948351002, 3.1066860685499065, 3.141592653589793], "Ir_sensor": [396.0, 2692.0, 39.0, 39.0, 39.0, 43.0, 39.0, 39.0, 39.0, 39.0, 38.0, 39.0, 39.0, 39.0, 43.0, 39.0, 39.0, 39.0, 469.0, 956.0, 1095.0, 1217.0, 1431.0, 1921.0, 2676.0, 3085.0, 2787.0, 2329.0, 615.0, 570.0, 400.0, 102.0, 188.0, 451.0, 136.0, 39.0, 39.0, 39.0, 42.0, 39.0, 140.0, 423.0, 112.0, 74.0, 136.0, 318.0, 453.0, 762.0, 863.0, 1112.0, 939.0, 836.0, 762.0, 739.0, 544.0, 39.0, 43.0, 62.0, 39.0, 109.0, 39.0, 41.0, 42.0, 39.0, 39.0, 39.0, 39.0, 43.0, 39.0, 39.0, 39.0, 39.0, 143.0, 695.0, 861.0, 1032.0, 1221.0, 1618.0, 1847.0, 1449.0, 834.0, 1127.0, 884.0, 578.0, 295.0, 299.0, 270.0, 317.0, 244.0, 298.0], "Pin_sensor": [82.28, 31.69, 164.9, 173.98, 176.5, 153.63, 164.05, 155.08, 153.85, 146.79, 158.26, 164.8, 164.27, 32.19, 32.16, 32.18, 31.77, 31.73, 31.71, 32.12, 31.73, 31.71, 31.76, 32.17, 32.66, 154.91, 151.2, 151.15, 140.13, 154.02, 155.72, 167.84, 153.57, 161.13, 155.54, 155.34, 162.76, 184.65, 155.34, 84.92, 84.39, 83.14, 82.91, 83.12, 81.49, 82.3, 82.3, 82.34, 82.57, 81.53, 82.28, 82.84, 126.12, 85.3, 129.28, 82.87, 82.53, 83.34, 81.8, 102.64, 104.18, 91.73, 95.77, 90.28, 91.89, 36.82, 89.03, 95.6, 99.33, 35.49, 109.54, 36.29, 36.74, 35.45, 35.44, 35.86, 36.27, 35.48, 36.78, 36.36, 36.78, 155.17, 153.56, 161.73, 155.1, 169.4, 170.4, 155.56, 155.31, 155.03], "Ir_degrees": [0.03490658503988659, 0.06981317007977318, 0.10471975511965978, 0.13962634015954636, 0.17453292519943295, 0.20943951023931956, 0.24434609527920614, 0.2792526803190927, 0.3141592653589793, 0.3490658503988659, 0.3839724354387525, 0.4188790204786391, 0.4537856055185257, 0.4886921905584123, 0.5235987755982988, 0.5585053606381855, 0.5934119456780721, 0.6283185307179586, 0.6632251157578453, 0.6981317007977318, 0.7330382858376184, 0.767944870877505, 0.8028514559173916, 0.8377580409572782, 0.8726646259971648, 0.9075712110370514, 0.9424777960769379, 0.9773843811168246, 1.0122909661567112, 1.0471975511965976, 1.0821041362364843, 1.117010721276371, 1.1519173063162575, 1.1868238913561442, 1.2217304763960306, 1.2566370614359172, 1.2915436464758039, 1.3264502315156905, 1.361356816555577, 1.3962634015954636, 1.4311699866353502, 1.4660765716752369, 1.5009831567151235, 1.53588974175501, 1.5707963267948966, 1.6057029118347832, 1.6406094968746698, 1.6755160819145565, 1.710422666954443, 1.7453292519943295, 1.7802358370342162, 1.8151424220741028, 1.8500490071139892, 1.8849555921538759, 1.9198621771937625, 1.9547687622336491, 1.9896753472735358, 2.0245819323134224, 2.059488517353309, 2.0943951023931953, 2.129301687433082, 2.1642082724729685, 2.199114857512855, 2.234021442552742, 2.2689280275926285, 2.303834612632515, 2.3387411976724017, 2.3736477827122884, 2.4085543677521746, 2.443460952792061, 2.478367537831948, 2.5132741228718345, 2.548180707911721, 2.5830872929516078, 2.6179938779914944, 2.652900463031381, 2.6878070480712677, 2.722713633111154, 2.7576202181510405, 2.792526803190927, 2.827433388230814, 2.8623399732707004, 2.897246558310587, 2.9321531433504737, 2.9670597283903604, 3.001966313430247, 3.036872898470133, 3.07177948351002, 3.1066860685499065, 3.141592653589793]}