{"Ir_degrees": [0.03490658503988659, 0.06981317007977318, 0.10471975511965978, 0.13962634015954636, 0.17453292519943295, 0.20943951023931956, 0.24434609527920614, 0.2792526803190927, 0.3141592653589793, 0.3490658503988659, 0.3839724354387525, 0.4188790204786391, 0.4537856055185257, 0.4886921905584123, 0.5235987755982988, 0.5585053606381855, 0.5934119456780721, 0.6283185307179586, 0.6632251157578453, 0.6981317007977318, 0.7330382858376184, 0.767944870877505, 0.8028514559173916, 0.8377580409572782, 0.8726646259971648, 0.9075712110370514, 0.9424777960769379, 0.9773843811168246, 1.0122909661567112, 1.0471975511965976, 1.0821041362364843, 1.117010721276371, 1.1519173063162575, 1.1868238913561442, 1.2217304763960306, 1.2566370614359172, 1.2915436464758039, 1.3264502315156905, 1.361356816555577, 1.3962634015954636, 1.4311699866353502, 1.4660765716752369, 1.5009831567151235, 1.53588974175501, 1.5707963267948966, 1.6057029118347832, 1.6406094968746698, 1.6755160819145565, 1.710422666954443, 1.7453292519943295, 1.7802358370342162, 1.8151424220741028, 1.8500490071139892, 1.8849555921538759, 1.9198621771937625, 1.9547687622336491, 1.9896753472735358, 2.0245819323134224, 2.059488517353309, 2.0943951023931953, 2.129301687433082, 2.1642082724729685, 2.199114857512855, 2.234021442552742, 2.2689280275926285, 2.303834612632515, 2.3387411976724017, 2.3736477827122884, 2.4085543677521746, 2.443460952792061, 2.478367537831948, 2.5132741228718345, 2.548180707911721, 2.5830872929516078, 2.6179938779914944, 2.652900463031381, 2.6878070480712677, 2.722713633111154, 2.7576202181510405, 2.792526803190927, 2.827433388230814, 2.8623399732707004, 2.897246558310587, 2.9321531433504737, 2.9670597283903604, 3.001966313430247, 3.036872898470133, 3.07177948351002, 3.1066860685499065, 3.141592653589793], "Pin_degrees": [0.03490658503988659, 0.06981317007977318, 0.10471975511965978, 0.13962634015954636, 0.17453292519943295, 0.20943951023931956, 0.24434609527920614, 0.2792526803190927, 0.3141592653589793, 0.3490658503988659, 0.3839724354387525, 0.4188790204786391, 0.4537856055185257, 0.4886921905584123, 0.5235987755982988, 0.5585053606381855, 0.5934119456780721, 0.6283185307179586, 0.6632251157578453, 0.6981317007977318, 0.7330382858376184, 0.767944870877505, 0.8028514559173916, 0.8377580409572782, 0.8726646259971648, 0.9075712110370514, 0.9424777960769379, 0.9773843811168246, 1.0122909661567112, 1.0471975511965976, 1.0821041362364843, 1.117010721276371, 1.1519173063162575, 1.1868238913561442, 1.2217304763960306, 1.2566370614359172, 1.2915436464758039, 1.3264502315156905, 1.361356816555577, 1.3962634015954636, 1.4311699866353502, 1.4660765716752369, 1.5009831567151235, 1.53588974175501, 1.5707963267948966, 1.6057029118347832, 1.6406094968746698, 1.6755160819145565, 1.710422666954443, 1.7453292519943295, 1.7802358370342162, 1.8151424220741028, 1.8500490071139892, 1.8849555921538759, 1.9198621771937625, 1.9547687622336491, 1.9896753472735358, 2.0245819323134224, 2.059488517353309, 2.0943951023931953, 2.129301687433082, 2.1642082724729685, 2.199114857512855, 2.234021442552742, 2.2689280275926285, 2.303834612632515, 2.3387411976724017, 2.3736477827122884, 2.4085543677521746, 2.443460952792061, 2.478367537831948, 2.5132741228718345, 2.548180707911721, 2.5830872929516078, 2.6179938779914944, 2.652900463031381, 2.6878070480712677, 2.722713633111154, 2.7576202181510405, 2.792526803190927, 2.827433388230814, 2.8623399732707004, 2.897246558310587, 2.9321531433504737, 2.9670597283903604, 3.001966313430247, 3.036872898470133, 3.07177948351002, 3.1066860685499065, 3.141592653589793], "Ir_sensor": [492.0, 1414.0, 38.0, 39.0, 42.0, 69.0, 39.0, 110.0, 98.0, 39.0, 109.0, 39.0, 39.0, 39.0, 43.0, 90.0, 43.0, 38.0, 39.0, 39.0, 68.0, 38.0, 689.0, 1012.0, 1118.0, 1286.0, 1615.0, 2313.0, 3052.0, 2497.0, 2494.0, 1245.0, 831.0, 88.0, 45.0, 110.0, 39.0, 39.0, 218.0, 500.0, 691.0, 903.0, 1174.0, 687.0, 400.0, 471.0, 326.0, 221.0, 270.0, 421.0, 689.0, 783.0, 469.0, 62.0, 139.0, 88.0, 160.0, 419.0, 490.0, 666.0, 1100.0, 761.0, 138.0, 189.0, 71.0, 53.0, 43.0, 39.0, 39.0, 39.0, 39.0, 39.0, 79.0, 122.0, 39.0, 39.0, 135.0, 664.0, 881.0, 1099.0, 1335.0, 1722.0, 1829.0, 997.0, 1052.0, 1071.0, 1243.0, 811.0, 377.0, 251.0], "Pin_sensor": [119.41, 31.47, 168.19, 158.27, 174.29, 176.57, 163.76, 175.51, 165.0, 165.16, 169.86, 153.77, 154.0, 155.66, 169.73, 153.66, 153.66, 32.4, 31.98, 31.65, 31.14, 31.13, 31.53, 31.14, 31.49, 31.55, 31.93, 32.37, 32.36, 147.59, 140.64, 129.99, 154.69, 154.29, 142.43, 119.81, 89.44, 89.05, 89.0, 89.76, 90.62, 89.84, 119.88, 88.63, 89.05, 119.44, 118.99, 118.58, 120.59, 84.35, 118.98, 82.86, 81.44, 80.99, 82.18, 81.86, 81.86, 80.52, 82.15, 79.85, 80.55, 82.96, 83.41, 82.64, 80.31, 81.87, 101.33, 81.98, 82.96, 89.83, 35.86, 36.25, 37.42, 35.8, 36.2, 35.37, 35.33, 35.76, 35.79, 35.79, 36.15, 35.8, 36.25, 36.29, 154.87, 155.39, 162.8, 160.85, 174.14, 154.34]}