{"Pin_degrees": [0.03490658503988659, 0.06981317007977318, 0.10471975511965978, 0.13962634015954636, 0.17453292519943295, 0.20943951023931956, 0.24434609527920614, 0.2792526803190927, 0.3141592653589793, 0.3490658503988659, 0.3839724354387525, 0.4188790204786391, 0.4537856055185257, 0.4886921905584123, 0.5235987755982988, 0.5585053606381855, 0.5934119456780721, 0.6283185307179586, 0.6632251157578453, 0.6981317007977318, 0.7330382858376184, 0.767944870877505, 0.8028514559173916, 0.8377580409572782, 0.8726646259971648, 0.9075712110370514, 0.9424777960769379, 0.9773843811168246, 1.0122909661567112, 1.0471975511965976, 1.0821041362364843, 1.117010721276371, 1.1519173063162575, 1.1868238913561442, 1.2217304763960306, 1.2566370614359172, 1.2915436464758039, 1.3264502315156905, 1.361356816555577, 1.3962634015954636, 1.4311699866353502, 1.4660765716752369, 1.5009831567151235, 1.53588974175501, 1.5707963267948966, 1.6057029118347832, 1.6406094968746698, 1.6755160819145565, 1.710422666954443, 1.7453292519943295, 1.7802358370342162, 1.8151424220741028, 1.8500490071139892, 1.8849555921538759, 1.9198621771937625, 1.9547687622336491, 1.9896753472735358, 2.0245819323134224, 2.059488517353309, 2.0943951023931953, 2.129301687433082, 2.1642082724729685, 2.199114857512855, 2.234021442552742, 2.2689280275926285, 2.303834612632515, 2.3387411976724017, 2.3736477827122884, 2.4085543677521746, 2.443460952792061, 2.478367537831948, 2.5132741228718345, 2.548180707911721, 2.5830872929516078, 2.6179938779914944, 2.652900463031381, 2.6878070480712677, 2.722713633111154, 2.7576202181510405, 2.792526803190927, 2.827433388230814, 2.8623399732707004, 2.897246558310587, 2.9321531433504737, 2.9670597283903604, 3.001966313430247, 3.036872898470133, 3.07177948351002, 3.1066860685499065, 3.141592653589793], "Ir_sensor": [225.0, 2259.0, 324.0, 186.0, 46.0, 44.0, 42.0, 44.0, 43.0, 217.0, 524.0, 372.0, 39.0, 39.0, 39.0, 44.0, 69.0, 591.0, 935.0, 1052.0, 1246.0, 1527.0, 2144.0, 2290.0, 2679.0, 1893.0, 1552.0, 277.0, 73.0, 95.0, 149.0, 297.0, 536.0, 378.0, 356.0, 325.0, 312.0, 332.0, 349.0, 349.0, 356.0, 405.0, 248.0, 295.0, 289.0, 215.0, 372.0, 280.0, 247.0, 252.0, 364.0, 161.0, 224.0, 116.0, 426.0, 298.0, 324.0, 325.0, 350.0, 73.0, 39.0, 39.0, 140.0, 325.0, 139.0, 297.0, 448.0, 105.0, 101.0, 39.0, 51.0, 80.0, 828.0, 912.0, 1122.0, 1357.0, 1784.0, 2129.0, 2565.0, 2108.0, 1385.0, 1103.0, 618.0, 495.0, 189.0, 375.0, 322.0, 278.0, 421.0, 373.0], "Ir_degrees": [0.03490658503988659, 0.06981317007977318, 0.10471975511965978, 0.13962634015954636, 0.17453292519943295, 0.20943951023931956, 0.24434609527920614, 0.2792526803190927, 0.3141592653589793, 0.3490658503988659, 0.3839724354387525, 0.4188790204786391, 0.4537856055185257, 0.4886921905584123, 0.5235987755982988, 0.5585053606381855, 0.5934119456780721, 0.6283185307179586, 0.6632251157578453, 0.6981317007977318, 0.7330382858376184, 0.767944870877505, 0.8028514559173916, 0.8377580409572782, 0.8726646259971648, 0.9075712110370514, 0.9424777960769379, 0.9773843811168246, 1.0122909661567112, 1.0471975511965976, 1.0821041362364843, 1.117010721276371, 1.1519173063162575, 1.1868238913561442, 1.2217304763960306, 1.2566370614359172, 1.2915436464758039, 1.3264502315156905, 1.361356816555577, 1.3962634015954636, 1.4311699866353502, 1.4660765716752369, 1.5009831567151235, 1.53588974175501, 1.5707963267948966, 1.6057029118347832, 1.6406094968746698, 1.6755160819145565, 1.710422666954443, 1.7453292519943295, 1.7802358370342162, 1.8151424220741028, 1.8500490071139892, 1.8849555921538759, 1.9198621771937625, 1.9547687622336491, 1.9896753472735358, 2.0245819323134224, 2.059488517353309, 2.0943951023931953, 2.129301687433082, 2.1642082724729685, 2.199114857512855, 2.234021442552742, 2.2689280275926285, 2.303834612632515, 2.3387411976724017, 2.3736477827122884, 2.4085543677521746, 2.443460952792061, 2.478367537831948, 2.5132741228718345, 2.548180707911721, 2.5830872929516078, 2.6179938779914944, 2.652900463031381, 2.6878070480712677, 2.722713633111154, 2.7576202181510405, 2.792526803190927, 2.827433388230814, 2.8623399732707004, 2.897246558310587, 2.9321531433504737, 2.9670597283903604, 3.001966313430247, 3.036872898470133, 3.07177948351002, 3.1066860685499065, 3.141592653589793], "Pin_sensor": [150.94, 33.18, 145.83, 139.22, 133.38, 134.73, 131.07, 130.02, 125.01, 34.14, 35.28, 34.45, 34.44, 34.01, 33.18, 33.77, 33.77, 33.78, 33.73, 33.19, 33.78, 33.75, 34.01, 34.01, 34.46, 34.49, 34.54, 144.87, 155.06, 153.07, 161.31, 154.57, 161.21, 180.88, 153.7, 161.49, 186.7, 180.88, 173.05, 165.86, 161.96, 178.52, 153.9, 164.87, 179.27, 181.25, 174.77, 154.62, 154.38, 157.39, 154.02, 170.05, 155.98, 172.29, 165.92, 164.85, 163.68, 154.36, 163.75, 172.02, 158.74, 181.28, 164.8, 168.17, 160.12, 170.98, 36.76, 36.76, 36.78, 35.86, 35.81, 35.83, 35.4, 36.24, 35.85, 36.78, 36.29, 36.29, 36.78, 37.15, 125.9, 118.85, 117.93, 118.39, 118.66, 117.88, 118.28, 117.02, 117.31, 117.33]}