{"Ir_degrees": [0.03490658503988659, 0.06981317007977318, 0.10471975511965978, 0.13962634015954636, 0.17453292519943295, 0.20943951023931956, 0.24434609527920614, 0.2792526803190927, 0.3141592653589793, 0.3490658503988659, 0.3839724354387525, 0.4188790204786391, 0.4537856055185257, 0.4886921905584123, 0.5235987755982988, 0.5585053606381855, 0.5934119456780721, 0.6283185307179586, 0.6632251157578453, 0.6981317007977318, 0.7330382858376184, 0.767944870877505, 0.8028514559173916, 0.8377580409572782, 0.8726646259971648, 0.9075712110370514, 0.9424777960769379, 0.9773843811168246, 1.0122909661567112, 1.0471975511965976, 1.0821041362364843, 1.117010721276371, 1.1519173063162575, 1.1868238913561442, 1.2217304763960306, 1.2566370614359172, 1.2915436464758039, 1.3264502315156905, 1.361356816555577, 1.3962634015954636, 1.4311699866353502, 1.4660765716752369, 1.5009831567151235, 1.53588974175501, 1.5707963267948966, 1.6057029118347832, 1.6406094968746698, 1.6755160819145565, 1.710422666954443, 1.7453292519943295, 1.7802358370342162, 1.8151424220741028, 1.8500490071139892, 1.8849555921538759, 1.9198621771937625, 1.9547687622336491, 1.9896753472735358, 2.0245819323134224, 2.059488517353309, 2.0943951023931953, 2.129301687433082, 2.1642082724729685, 2.199114857512855, 2.234021442552742, 2.2689280275926285, 2.303834612632515, 2.3387411976724017, 2.3736477827122884, 2.4085543677521746, 2.443460952792061, 2.478367537831948, 2.5132741228718345, 2.548180707911721, 2.5830872929516078, 2.6179938779914944, 2.652900463031381, 2.6878070480712677, 2.722713633111154, 2.7576202181510405, 2.792526803190927, 2.827433388230814, 2.8623399732707004, 2.897246558310587, 2.9321531433504737, 2.9670597283903604, 3.001966313430247, 3.036872898470133, 3.07177948351002, 3.1066860685499065, 3.141592653589793], "Pin_sensor": [33.37, 78.82, 153.52, 140.36, 127.03, 122.95, 153.39, 155.14, 86.48, 86.07, 117.22, 87.01, 87.63, 88.2, 87.02, 87.02, 86.58, 0, 116.56, 116.13, 116.51, 115.7, 116.48, 116.51, 78.8, 78.88, 77.15, 78.02, 78.43, 78.81, 78.03, 78.44, 76.79, 78.01, 78.42, 76.84, 81.79, 78.48, 77.33, 76.54, 91.44, 78.2, 77.87, 82.92, 80.63, 33.4, 32.5, 36.23, 32.97, 32.93, 32.89, 32.88, 32.45, 32.84, 32.88, 32.89, 32.47, 32.87, 32.91, 33.33, 33.37, 33.8, 33.83, 34.79, 34.3, 35.54, 154.88, 154.88, 183.68, 157.99, 183.63, 154.61, 153.82, 170.69, 170.01, 153.66, 157.37, 164.4, 172.49, 159.2, 153.69, 162.11, 169.72, 154.89, 154.68, 153.48, 143.87, 158.36, 177.79, 158.94], "Pin_degrees": [0.03490658503988659, 0.06981317007977318, 0.10471975511965978, 0.13962634015954636, 0.17453292519943295, 0.20943951023931956, 0.24434609527920614, 0.2792526803190927, 0.3141592653589793, 0.3490658503988659, 0.3839724354387525, 0.4188790204786391, 0.4537856055185257, 0.4886921905584123, 0.5235987755982988, 0.5585053606381855, 0.5934119456780721, 0.6283185307179586, 0.6632251157578453, 0.6981317007977318, 0.7330382858376184, 0.767944870877505, 0.8028514559173916, 0.8377580409572782, 0.8726646259971648, 0.9075712110370514, 0.9424777960769379, 0.9773843811168246, 1.0122909661567112, 1.0471975511965976, 1.0821041362364843, 1.117010721276371, 1.1519173063162575, 1.1868238913561442, 1.2217304763960306, 1.2566370614359172, 1.2915436464758039, 1.3264502315156905, 1.361356816555577, 1.3962634015954636, 1.4311699866353502, 1.4660765716752369, 1.5009831567151235, 1.53588974175501, 1.5707963267948966, 1.6057029118347832, 1.6406094968746698, 1.6755160819145565, 1.710422666954443, 1.7453292519943295, 1.7802358370342162, 1.8151424220741028, 1.8500490071139892, 1.8849555921538759, 1.9198621771937625, 1.9547687622336491, 1.9896753472735358, 2.0245819323134224, 2.059488517353309, 2.0943951023931953, 2.129301687433082, 2.1642082724729685, 2.199114857512855, 2.234021442552742, 2.2689280275926285, 2.303834612632515, 2.3387411976724017, 2.3736477827122884, 2.4085543677521746, 2.443460952792061, 2.478367537831948, 2.5132741228718345, 2.548180707911721, 2.5830872929516078, 2.6179938779914944, 2.652900463031381, 2.6878070480712677, 2.722713633111154, 2.7576202181510405, 2.792526803190927, 2.827433388230814, 2.8623399732707004, 2.897246558310587, 2.9321531433504737, 2.9670597283903604, 3.001966313430247, 3.036872898470133, 3.07177948351002, 3.1066860685499065, 3.141592653589793], "Ir_sensor": [43.0, 798.0, 886.0, 1249.0, 113.0, 39.0, 39.0, 39.0, 39.0, 38.0, 39.0, 39.0, 307.0, 445.0, 591.0, 833.0, 1009.0, 393.0, 142.0, 301.0, 277.0, 252.0, 322.0, 496.0, 736.0, 651.0, 162.0, 172.0, 75.0, 185.0, 341.0, 470.0, 662.0, 1149.0, 1245.0, 398.0, 342.0, 42.0, 39.0, 39.0, 39.0, 39.0, 44.0, 44.0, 75.0, 39.0, 39.0, 42.0, 38.0, 39.0, 44.0, 39.0, 110.0, 385.0, 790.0, 942.0, 1199.0, 1321.0, 1647.0, 1784.0, 1594.0, 1244.0, 1966.0, 1547.0, 1012.0, 569.0, 270.0, 297.0, 299.0, 274.0, 249.0, 253.0, 343.0, 320.0, 256.0, 279.0, 187.0, 242.0, 192.0, 186.0, 317.0, 246.0, 254.0, 367.0, 219.0, 38.0, 38.0, 71.0, 141.0, 300.0]}