{"Ir_sensor": [375.0, 39.0, 39.0, 39.0, 39.0, 331.0, 664.0, 880.0, 1010.0, 1263.0, 1346.0, 1188.0, 1148.0, 1318.0, 1052.0, 946.0, 567.0, 401.0, 39.0, 38.0, 39.0, 39.0, 39.0, 39.0, 39.0, 39.0, 39.0, 39.0, 131.0, 39.0, 146.0, 540.0, 494.0, 271.0, 42.0, 110.0, 463.0, 667.0, 961.0, 1430.0, 892.0, 498.0, 549.0, 328.0, 325.0, 442.0, 489.0, 242.0, 350.0, 591.0, 858.0, 379.0, 141.0, 275.0, 39.0, 517.0, 39.0, 39.0, 801.0, 567.0, 39.0, 41.0, 109.0, 201.0, 647.0, 38.0, 446.0, 790.0, 986.0, 1173.0, 1469.0, 1790.0, 2141.0, 2731.0, 2126.0, 1130.0, 143.0, 140.0, 39.0, 131.0, 39.0, 39.0, 45.0, 42.0, 301.0, 50.0, 145.0, 39.0, 40.0, 140.0], "Pin_degrees": [0.03490658503988659, 0.06981317007977318, 0.10471975511965978, 0.13962634015954636, 0.17453292519943295, 0.20943951023931956, 0.24434609527920614, 0.2792526803190927, 0.3141592653589793, 0.3490658503988659, 0.3839724354387525, 0.4188790204786391, 0.4537856055185257, 0.4886921905584123, 0.5235987755982988, 0.5585053606381855, 0.5934119456780721, 0.6283185307179586, 0.6632251157578453, 0.6981317007977318, 0.7330382858376184, 0.767944870877505, 0.8028514559173916, 0.8377580409572782, 0.8726646259971648, 0.9075712110370514, 0.9424777960769379, 0.9773843811168246, 1.0122909661567112, 1.0471975511965976, 1.0821041362364843, 1.117010721276371, 1.1519173063162575, 1.1868238913561442, 1.2217304763960306, 1.2566370614359172, 1.2915436464758039, 1.3264502315156905, 1.361356816555577, 1.3962634015954636, 1.4311699866353502, 1.4660765716752369, 1.5009831567151235, 1.53588974175501, 1.5707963267948966, 1.6057029118347832, 1.6406094968746698, 1.6755160819145565, 1.710422666954443, 1.7453292519943295, 1.7802358370342162, 1.8151424220741028, 1.8500490071139892, 1.8849555921538759, 1.9198621771937625, 1.9547687622336491, 1.9896753472735358, 2.0245819323134224, 2.059488517353309, 2.0943951023931953, 2.129301687433082, 2.1642082724729685, 2.199114857512855, 2.234021442552742, 2.2689280275926285, 2.303834612632515, 2.3387411976724017, 2.3736477827122884, 2.4085543677521746, 2.443460952792061, 2.478367537831948, 2.5132741228718345, 2.548180707911721, 2.5830872929516078, 2.6179938779914944, 2.652900463031381, 2.6878070480712677, 2.722713633111154, 2.7576202181510405, 2.792526803190927, 2.827433388230814, 2.8623399732707004, 2.897246558310587, 2.9321531433504737, 2.9670597283903604, 3.001966313430247, 3.036872898470133, 3.07177948351002, 3.1066860685499065, 3.141592653589793], "Pin_sensor": [140.35, 158.45, 38.75, 39.14, 38.72, 38.72, 38.72, 38.36, 38.72, 38.77, 0, 39.63, 40.72, 155.02, 157.55, 155.76, 153.42, 155.02, 154.14, 154.47, 157.08, 149.92, 155.62, 162.91, 153.74, 155.09, 150.63, 171.24, 153.79, 142.79, 153.27, 154.08, 141.42, 141.2, 144.15, 123.99, 131.18, 112.33, 126.28, 149.72, 137.7, 128.04, 130.83, 122.27, 149.82, 141.55, 127.44, 140.46, 141.2, 138.03, 138.78, 119.02, 127.05, 138.96, 130.5, 136.93, 140.24, 121.19, 137.89, 139.16, 35.8, 35.28, 34.82, 34.41, 33.97, 34.36, 33.96, 34.36, 33.94, 34.35, 34.35, 34.39, 34.41, 34.86, 35.81, 35.82, 36.2, 166.86, 169.27, 154.8, 158.64, 154.76, 164.52, 164.24, 155.83, 167.92, 172.36, 168.16, 174.68, 161.3], "Labels": [0.0, 0.0, 0.0, 0.0, 1.0, 1.0, 1.0, 1.0, 0.0, 0.0, 0.0, 0.0, 0.0, 0.0, 0.0, 0.0, 0.0, 0.0, 0.0, 0.0, 0.0, 0.0, 0.0, 0.0, 0.0, 0.0, 0.0, 0.0, 0.0, 0.0, 0.0, 0.0, 0.0, 0.0, 1.0, 1.0, 1.0, 1.0, 0.0, 0.0, 0.0, 0.0, 0.0, 0.0, 0.0, 0.0, 0.0, 0.0, 0.0, 0.0, 0.0, 0.0, 0.0, 0.0, 0.0, 0.0, 0.0, 0.0, 0.0, 0.0, 0.0, 0.0, 0.0, 0.0, 0.0, 0.0, 1.0, 1.0, 1.0, 0.0, 0.0, 0.0, 0.0, 0.0, 0.0, 0.0, 0.0, 0.0, 0.0, 0.0, 0.0, 0.0, 0.0, 0.0, 0.0, 0.0, 0.0, 0.0, 0.0, 0.0], "Ir_degrees": [0.03490658503988659, 0.06981317007977318, 0.10471975511965978, 0.13962634015954636, 0.17453292519943295, 0.20943951023931956, 0.24434609527920614, 0.2792526803190927, 0.3141592653589793, 0.3490658503988659, 0.3839724354387525, 0.4188790204786391, 0.4537856055185257, 0.4886921905584123, 0.5235987755982988, 0.5585053606381855, 0.5934119456780721, 0.6283185307179586, 0.6632251157578453, 0.6981317007977318, 0.7330382858376184, 0.767944870877505, 0.8028514559173916, 0.8377580409572782, 0.8726646259971648, 0.9075712110370514, 0.9424777960769379, 0.9773843811168246, 1.0122909661567112, 1.0471975511965976, 1.0821041362364843, 1.117010721276371, 1.1519173063162575, 1.1868238913561442, 1.2217304763960306, 1.2566370614359172, 1.2915436464758039, 1.3264502315156905, 1.361356816555577, 1.3962634015954636, 1.4311699866353502, 1.4660765716752369, 1.5009831567151235, 1.53588974175501, 1.5707963267948966, 1.6057029118347832, 1.6406094968746698, 1.6755160819145565, 1.710422666954443, 1.7453292519943295, 1.7802358370342162, 1.8151424220741028, 1.8500490071139892, 1.8849555921538759, 1.9198621771937625, 1.9547687622336491, 1.9896753472735358, 2.0245819323134224, 2.059488517353309, 2.0943951023931953, 2.129301687433082, 2.1642082724729685, 2.199114857512855, 2.234021442552742, 2.2689280275926285, 2.303834612632515, 2.3387411976724017, 2.3736477827122884, 2.4085543677521746, 2.443460952792061, 2.478367537831948, 2.5132741228718345, 2.548180707911721, 2.5830872929516078, 2.6179938779914944, 2.652900463031381, 2.6878070480712677, 2.722713633111154, 2.7576202181510405, 2.792526803190927, 2.827433388230814, 2.8623399732707004, 2.897246558310587, 2.9321531433504737, 2.9670597283903604, 3.001966313430247, 3.036872898470133, 3.07177948351002, 3.1066860685499065, 3.141592653589793]}