{"Pin_sensor": [51.34, 159.14, 154.18, 161.17, 153.35, 156.19, 155.23, 154.26, 162.23, 154.21, 162.21, 159.09, 156.34, 213.35, 154.82, 150.74, 155.67, 168.01, 165.99, 155.67, 158.86, 153.69, 154.37, 153.76, 137.33, 154.88, 167.75, 131.98, 153.73, 161.48, 143.52, 154.98, 146.86, 133.46, 144.71, 127.01, 146.49, 136.32, 168.53, 153.59, 131.07, 53.17, 53.2, 52.25, 52.63, 51.42, 51.38, 51.41, 51.74, 51.31, 51.37, 51.75, 51.03, 51.4, 52.26, 51.84, 52.22, 53.2, 53.19, 52.4, 154.4, 155.22, 155.22, 157.97, 163.16, 166.02, 155.6, 155.27, 154.97, 163.17, 170.1, 157.84, 154.35, 156.28, 160.88, 156.03, 202.3, 162.38, 154.98, 169.13, 138.26, 132.33, 140.59, 154.68, 154.0, 154.78, 161.96, 161.1, 155.64, 148.05], "Ir_sensor": [44.0, 40.0, 40.0, 87.0, 39.0, 40.0, 59.0, 50.0, 39.0, 74.0, 39.0, 40.0, 39.0, 149.0, 42.0, 41.0, 41.0, 39.0, 40.0, 301.0, 40.0, 74.0, 62.0, 39.0, 581.0, 40.0, 52.0, 39.0, 42.0, 148.0, 143.0, 387.0, 197.0, 42.0, 43.0, 42.0, 50.0, 320.0, 163.0, 137.0, 295.0, 39.0, 40.0, 39.0, 137.0, 270.0, 373.0, 39.0, 39.0, 399.0, 612.0, 784.0, 1284.0, 1572.0, 1127.0, 1013.0, 900.0, 983.0, 518.0, 61.0, 42.0, 86.0, 40.0, 76.0, 91.0, 39.0, 86.0, 135.0, 42.0, 40.0, 40.0, 39.0, 39.0, 39.0, 39.0, 39.0, 40.0, 277.0, 39.0, 148.0, 40.0, 41.0, 216.0, 211.0, 119.0, 222.0, 303.0, 275.0, 323.0, 350.0], "Pin_degrees": [0.03490658503988659, 0.06981317007977318, 0.10471975511965978, 0.13962634015954636, 0.17453292519943295, 0.20943951023931956, 0.24434609527920614, 0.2792526803190927, 0.3141592653589793, 0.3490658503988659, 0.3839724354387525, 0.4188790204786391, 0.4537856055185257, 0.4886921905584123, 0.5235987755982988, 0.5585053606381855, 0.5934119456780721, 0.6283185307179586, 0.6632251157578453, 0.6981317007977318, 0.7330382858376184, 0.767944870877505, 0.8028514559173916, 0.8377580409572782, 0.8726646259971648, 0.9075712110370514, 0.9424777960769379, 0.9773843811168246, 1.0122909661567112, 1.0471975511965976, 1.0821041362364843, 1.117010721276371, 1.1519173063162575, 1.1868238913561442, 1.2217304763960306, 1.2566370614359172, 1.2915436464758039, 1.3264502315156905, 1.361356816555577, 1.3962634015954636, 1.4311699866353502, 1.4660765716752369, 1.5009831567151235, 1.53588974175501, 1.5707963267948966, 1.6057029118347832, 1.6406094968746698, 1.6755160819145565, 1.710422666954443, 1.7453292519943295, 1.7802358370342162, 1.8151424220741028, 1.8500490071139892, 1.8849555921538759, 1.9198621771937625, 1.9547687622336491, 1.9896753472735358, 2.0245819323134224, 2.059488517353309, 2.0943951023931953, 2.129301687433082, 2.1642082724729685, 2.199114857512855, 2.234021442552742, 2.2689280275926285, 2.303834612632515, 2.3387411976724017, 2.3736477827122884, 2.4085543677521746, 2.443460952792061, 2.478367537831948, 2.5132741228718345, 2.548180707911721, 2.5830872929516078, 2.6179938779914944, 2.652900463031381, 2.6878070480712677, 2.722713633111154, 2.7576202181510405, 2.792526803190927, 2.827433388230814, 2.8623399732707004, 2.897246558310587, 2.9321531433504737, 2.9670597283903604, 3.001966313430247, 3.036872898470133, 3.07177948351002, 3.1066860685499065, 3.141592653589793], "Labels": [0.0, 0.0, 0.0, 0.0, 0.0, 0.0, 0.0, 0.0, 0.0, 0.0, 0.0, 0.0, 0.0, 0.0, 0.0, 0.0, 0.0, 0.0, 0.0, 0.0, 0.0, 0.0, 0.0, 0.0, 0.0, 0.0, 0.0, 0.0, 0.0, 0.0, 0.0, 0.0, 0.0, 0.0, 0.0, 0.0, 0.0, 0.0, 0.0, 0.0, 0.0, 0.0, 0.0, 0.0, 0.0, 0.0, 0.0, 0.0, 1.0, 1.0, 1.0, 1.0, 0.0, 0.0, 0.0, 0.0, 0.0, 0.0, 0.0, 0.0, 0.0, 0.0, 0.0, 0.0, 0.0, 0.0, 0.0, 0.0, 0.0, 0.0, 0.0, 0.0, 0.0, 0.0, 0.0, 0.0, 0.0, 0.0, 0.0, 0.0, 0.0, 0.0, 0.0, 0.0, 0.0, 0.0, 0.0, 0.0, 0.0, 0.0], "Ir_degrees": [0.03490658503988659, 0.06981317007977318, 0.10471975511965978, 0.13962634015954636, 0.17453292519943295, 0.20943951023931956, 0.24434609527920614, 0.2792526803190927, 0.3141592653589793, 0.3490658503988659, 0.3839724354387525, 0.4188790204786391, 0.4537856055185257, 0.4886921905584123, 0.5235987755982988, 0.5585053606381855, 0.5934119456780721, 0.6283185307179586, 0.6632251157578453, 0.6981317007977318, 0.7330382858376184, 0.767944870877505, 0.8028514559173916, 0.8377580409572782, 0.8726646259971648, 0.9075712110370514, 0.9424777960769379, 0.9773843811168246, 1.0122909661567112, 1.0471975511965976, 1.0821041362364843, 1.117010721276371, 1.1519173063162575, 1.1868238913561442, 1.2217304763960306, 1.2566370614359172, 1.2915436464758039, 1.3264502315156905, 1.361356816555577, 1.3962634015954636, 1.4311699866353502, 1.4660765716752369, 1.5009831567151235, 1.53588974175501, 1.5707963267948966, 1.6057029118347832, 1.6406094968746698, 1.6755160819145565, 1.710422666954443, 1.7453292519943295, 1.7802358370342162, 1.8151424220741028, 1.8500490071139892, 1.8849555921538759, 1.9198621771937625, 1.9547687622336491, 1.9896753472735358, 2.0245819323134224, 2.059488517353309, 2.0943951023931953, 2.129301687433082, 2.1642082724729685, 2.199114857512855, 2.234021442552742, 2.2689280275926285, 2.303834612632515, 2.3387411976724017, 2.3736477827122884, 2.4085543677521746, 2.443460952792061, 2.478367537831948, 2.5132741228718345, 2.548180707911721, 2.5830872929516078, 2.6179938779914944, 2.652900463031381, 2.6878070480712677, 2.722713633111154, 2.7576202181510405, 2.792526803190927, 2.827433388230814, 2.8623399732707004, 2.897246558310587, 2.9321531433504737, 2.9670597283903604, 3.001966313430247, 3.036872898470133, 3.07177948351002, 3.1066860685499065, 3.141592653589793]}