{"Ir_sensor": [90.0, 40.0, 1438.0, 792.0, 625.0, 426.0, 41.0, 39.0, 39.0, 38.0, 39.0, 39.0, 42.0, 39.0, 104.0, 39.0, 39.0, 39.0, 38.0, 75.0, 39.0, 39.0, 109.0, 39.0, 39.0, 39.0, 44.0, 39.0, 39.0, 39.0, 92.0, 38.0, 39.0, 39.0, 90.0, 39.0, 42.0, 42.0, 42.0, 108.0, 39.0, 39.0, 39.0, 39.0, 71.0, 138.0, 114.0, 39.0, 39.0, 63.0, 40.0, 42.0, 39.0, 39.0, 103.0, 39.0, 39.0, 39.0, 213.0, 322.0, 39.0, 39.0, 40.0, 62.0, 39.0, 38.0, 39.0, 108.0, 38.0, 59.0, 422.0, 190.0, 43.0, 297.0, 721.0, 524.0, 356.0, 727.0, 550.0, 573.0, 470.0, 435.0, 325.0, 216.0, 62.0, 38.0, 88.0, 38.0, 39.0, 39.0], "Pin_sensor": [167.21, 151.39, 77.11, 77.53, 77.51, 77.57, 78.82, 78.86, 173.26, 174.62, 156.37, 194.21, 154.1, 153.82, 156.23, 156.57, 141.73, 146.67, 154.11, 157.56, 159.63, 157.03, 153.51, 154.6, 154.58, 166.95, 212.86, 177.57, 155.14, 156.58, 164.51, 163.54, 162.2, 155.05, 160.06, 165.06, 155.26, 155.59, 140.29, 153.74, 155.27, 158.84, 0, 176.25, 155.66, 162.5, 154.73, 173.32, 157.25, 160.76, 166.98, 154.81, 154.04, 139.67, 155.71, 155.7, 167.37, 160.67, 153.55, 152.8, 154.28, 195.48, 153.75, 160.76, 154.67, 157.27, 156.73, 139.21, 144.58, 143.9, 143.91, 81.76, 83.93, 139.26, 124.27, 122.63, 84.73, 124.53, 81.93, 82.29, 81.08, 81.09, 81.11, 122.07, 81.06, 137.9, 139.13, 137.2, 131.77, 130.61], "Ir_degrees": [0.03490658503988659, 0.06981317007977318, 0.10471975511965978, 0.13962634015954636, 0.17453292519943295, 0.20943951023931956, 0.24434609527920614, 0.2792526803190927, 0.3141592653589793, 0.3490658503988659, 0.3839724354387525, 0.4188790204786391, 0.4537856055185257, 0.4886921905584123, 0.5235987755982988, 0.5585053606381855, 0.5934119456780721, 0.6283185307179586, 0.6632251157578453, 0.6981317007977318, 0.7330382858376184, 0.767944870877505, 0.8028514559173916, 0.8377580409572782, 0.8726646259971648, 0.9075712110370514, 0.9424777960769379, 0.9773843811168246, 1.0122909661567112, 1.0471975511965976, 1.0821041362364843, 1.117010721276371, 1.1519173063162575, 1.1868238913561442, 1.2217304763960306, 1.2566370614359172, 1.2915436464758039, 1.3264502315156905, 1.361356816555577, 1.3962634015954636, 1.4311699866353502, 1.4660765716752369, 1.5009831567151235, 1.53588974175501, 1.5707963267948966, 1.6057029118347832, 1.6406094968746698, 1.6755160819145565, 1.710422666954443, 1.7453292519943295, 1.7802358370342162, 1.8151424220741028, 1.8500490071139892, 1.8849555921538759, 1.9198621771937625, 1.9547687622336491, 1.9896753472735358, 2.0245819323134224, 2.059488517353309, 2.0943951023931953, 2.129301687433082, 2.1642082724729685, 2.199114857512855, 2.234021442552742, 2.2689280275926285, 2.303834612632515, 2.3387411976724017, 2.3736477827122884, 2.4085543677521746, 2.443460952792061, 2.478367537831948, 2.5132741228718345, 2.548180707911721, 2.5830872929516078, 2.6179938779914944, 2.652900463031381, 2.6878070480712677, 2.722713633111154, 2.7576202181510405, 2.792526803190927, 2.827433388230814, 2.8623399732707004, 2.897246558310587, 2.9321531433504737, 2.9670597283903604, 3.001966313430247, 3.036872898470133, 3.07177948351002, 3.1066860685499065, 3.141592653589793], "Pin_degrees": [0.03490658503988659, 0.06981317007977318, 0.10471975511965978, 0.13962634015954636, 0.17453292519943295, 0.20943951023931956, 0.24434609527920614, 0.2792526803190927, 0.3141592653589793, 0.3490658503988659, 0.3839724354387525, 0.4188790204786391, 0.4537856055185257, 0.4886921905584123, 0.5235987755982988, 0.5585053606381855, 0.5934119456780721, 0.6283185307179586, 0.6632251157578453, 0.6981317007977318, 0.7330382858376184, 0.767944870877505, 0.8028514559173916, 0.8377580409572782, 0.8726646259971648, 0.9075712110370514, 0.9424777960769379, 0.9773843811168246, 1.0122909661567112, 1.0471975511965976, 1.0821041362364843, 1.117010721276371, 1.1519173063162575, 1.1868238913561442, 1.2217304763960306, 1.2566370614359172, 1.2915436464758039, 1.3264502315156905, 1.361356816555577, 1.3962634015954636, 1.4311699866353502, 1.4660765716752369, 1.5009831567151235, 1.53588974175501, 1.5707963267948966, 1.6057029118347832, 1.6406094968746698, 1.6755160819145565, 1.710422666954443, 1.7453292519943295, 1.7802358370342162, 1.8151424220741028, 1.8500490071139892, 1.8849555921538759, 1.9198621771937625, 1.9547687622336491, 1.9896753472735358, 2.0245819323134224, 2.059488517353309, 2.0943951023931953, 2.129301687433082, 2.1642082724729685, 2.199114857512855, 2.234021442552742, 2.2689280275926285, 2.303834612632515, 2.3387411976724017, 2.3736477827122884, 2.4085543677521746, 2.443460952792061, 2.478367537831948, 2.5132741228718345, 2.548180707911721, 2.5830872929516078, 2.6179938779914944, 2.652900463031381, 2.6878070480712677, 2.722713633111154, 2.7576202181510405, 2.792526803190927, 2.827433388230814, 2.8623399732707004, 2.897246558310587, 2.9321531433504737, 2.9670597283903604, 3.001966313430247, 3.036872898470133, 3.07177948351002, 3.1066860685499065, 3.141592653589793]}