{"Pin_degrees": [0.03490658503988659, 0.06981317007977318, 0.10471975511965978, 0.13962634015954636, 0.17453292519943295, 0.20943951023931956, 0.24434609527920614, 0.2792526803190927, 0.3141592653589793, 0.3490658503988659, 0.3839724354387525, 0.4188790204786391, 0.4537856055185257, 0.4886921905584123, 0.5235987755982988, 0.5585053606381855, 0.5934119456780721, 0.6283185307179586, 0.6632251157578453, 0.6981317007977318, 0.7330382858376184, 0.767944870877505, 0.8028514559173916, 0.8377580409572782, 0.8726646259971648, 0.9075712110370514, 0.9424777960769379, 0.9773843811168246, 1.0122909661567112, 1.0471975511965976, 1.0821041362364843, 1.117010721276371, 1.1519173063162575, 1.1868238913561442, 1.2217304763960306, 1.2566370614359172, 1.2915436464758039, 1.3264502315156905, 1.361356816555577, 1.3962634015954636, 1.4311699866353502, 1.4660765716752369, 1.5009831567151235, 1.53588974175501, 1.5707963267948966, 1.6057029118347832, 1.6406094968746698, 1.6755160819145565, 1.710422666954443, 1.7453292519943295, 1.7802358370342162, 1.8151424220741028, 1.8500490071139892, 1.8849555921538759, 1.9198621771937625, 1.9547687622336491, 1.9896753472735358, 2.0245819323134224, 2.059488517353309, 2.0943951023931953, 2.129301687433082, 2.1642082724729685, 2.199114857512855, 2.234021442552742, 2.2689280275926285, 2.303834612632515, 2.3387411976724017, 2.3736477827122884, 2.4085543677521746, 2.443460952792061, 2.478367537831948, 2.5132741228718345, 2.548180707911721, 2.5830872929516078, 2.6179938779914944, 2.652900463031381, 2.6878070480712677, 2.722713633111154, 2.7576202181510405, 2.792526803190927, 2.827433388230814, 2.8623399732707004, 2.897246558310587, 2.9321531433504737, 2.9670597283903604, 3.001966313430247, 3.036872898470133, 3.07177948351002, 3.1066860685499065, 3.141592653589793], "Ir_degrees": [0.03490658503988659, 0.06981317007977318, 0.10471975511965978, 0.13962634015954636, 0.17453292519943295, 0.20943951023931956, 0.24434609527920614, 0.2792526803190927, 0.3141592653589793, 0.3490658503988659, 0.3839724354387525, 0.4188790204786391, 0.4537856055185257, 0.4886921905584123, 0.5235987755982988, 0.5585053606381855, 0.5934119456780721, 0.6283185307179586, 0.6632251157578453, 0.6981317007977318, 0.7330382858376184, 0.767944870877505, 0.8028514559173916, 0.8377580409572782, 0.8726646259971648, 0.9075712110370514, 0.9424777960769379, 0.9773843811168246, 1.0122909661567112, 1.0471975511965976, 1.0821041362364843, 1.117010721276371, 1.1519173063162575, 1.1868238913561442, 1.2217304763960306, 1.2566370614359172, 1.2915436464758039, 1.3264502315156905, 1.361356816555577, 1.3962634015954636, 1.4311699866353502, 1.4660765716752369, 1.5009831567151235, 1.53588974175501, 1.5707963267948966, 1.6057029118347832, 1.6406094968746698, 1.6755160819145565, 1.710422666954443, 1.7453292519943295, 1.7802358370342162, 1.8151424220741028, 1.8500490071139892, 1.8849555921538759, 1.9198621771937625, 1.9547687622336491, 1.9896753472735358, 2.0245819323134224, 2.059488517353309, 2.0943951023931953, 2.129301687433082, 2.1642082724729685, 2.199114857512855, 2.234021442552742, 2.2689280275926285, 2.303834612632515, 2.3387411976724017, 2.3736477827122884, 2.4085543677521746, 2.443460952792061, 2.478367537831948, 2.5132741228718345, 2.548180707911721, 2.5830872929516078, 2.6179938779914944, 2.652900463031381, 2.6878070480712677, 2.722713633111154, 2.7576202181510405, 2.792526803190927, 2.827433388230814, 2.8623399732707004, 2.897246558310587, 2.9321531433504737, 2.9670597283903604, 3.001966313430247, 3.036872898470133, 3.07177948351002, 3.1066860685499065, 3.141592653589793], "Pin_sensor": [154.16, 167.41, 170.35, 154.54, 155.53, 159.96, 172.2, 158.34, 154.36, 171.94, 189.56, 168.92, 157.13, 154.55, 157.62, 196.87, 160.8, 150.79, 158.78, 154.41, 192.99, 154.89, 153.6, 153.06, 153.51, 159.78, 154.91, 154.4, 153.56, 173.11, 155.64, 170.55, 155.69, 202.39, 154.12, 154.55, 155.75, 154.35, 149.73, 155.56, 172.17, 158.38, 153.01, 164.5, 156.76, 155.31, 154.87, 36.78, 152.77, 144.33, 37.54, 36.31, 36.3, 37.15, 36.79, 39.16, 38.06, 168.7, 150.01, 138.34, 151.77, 155.79, 162.82, 157.71, 154.61, 153.55, 136.11, 154.84, 161.94, 167.31, 155.19, 144.07, 175.08, 154.28, 135.7, 135.11, 119.06, 91.75, 87.04, 87.17, 87.54, 88.38, 89.98, 90.33, 88.75, 86.7, 88.34, 86.3, 86.66, 86.35], "Ir_sensor": [105.0, 40.0, 39.0, 39.0, 39.0, 40.0, 39.0, 112.0, 38.0, 39.0, 42.0, 39.0, 39.0, 38.0, 39.0, 39.0, 39.0, 39.0, 39.0, 39.0, 45.0, 79.0, 39.0, 39.0, 39.0, 250.0, 63.0, 39.0, 39.0, 39.0, 39.0, 109.0, 43.0, 42.0, 39.0, 39.0, 107.0, 39.0, 39.0, 39.0, 39.0, 50.0, 136.0, 212.0, 39.0, 43.0, 43.0, 39.0, 55.0, 39.0, 39.0, 39.0, 43.0, 39.0, 448.0, 39.0, 39.0, 45.0, 41.0, 55.0, 63.0, 39.0, 39.0, 40.0, 38.0, 39.0, 39.0, 39.0, 49.0, 89.0, 351.0, 191.0, 141.0, 202.0, 492.0, 271.0, 246.0, 138.0, 39.0, 39.0, 39.0, 195.0, 592.0, 163.0, 61.0, 39.0, 140.0, 446.0, 787.0, 909.0]}