{"Pin_degrees": [0.03490658503988659, 0.06981317007977318, 0.10471975511965978, 0.13962634015954636, 0.17453292519943295, 0.20943951023931956, 0.24434609527920614, 0.2792526803190927, 0.3141592653589793, 0.3490658503988659, 0.3839724354387525, 0.4188790204786391, 0.4537856055185257, 0.4886921905584123, 0.5235987755982988, 0.5585053606381855, 0.5934119456780721, 0.6283185307179586, 0.6632251157578453, 0.6981317007977318, 0.7330382858376184, 0.767944870877505, 0.8028514559173916, 0.8377580409572782, 0.8726646259971648, 0.9075712110370514, 0.9424777960769379, 0.9773843811168246, 1.0122909661567112, 1.0471975511965976, 1.0821041362364843, 1.117010721276371, 1.1519173063162575, 1.1868238913561442, 1.2217304763960306, 1.2566370614359172, 1.2915436464758039, 1.3264502315156905, 1.361356816555577, 1.3962634015954636, 1.4311699866353502, 1.4660765716752369, 1.5009831567151235, 1.53588974175501, 1.5707963267948966, 1.6057029118347832, 1.6406094968746698, 1.6755160819145565, 1.710422666954443, 1.7453292519943295, 1.7802358370342162, 1.8151424220741028, 1.8500490071139892, 1.8849555921538759, 1.9198621771937625, 1.9547687622336491, 1.9896753472735358, 2.0245819323134224, 2.059488517353309, 2.0943951023931953, 2.129301687433082, 2.1642082724729685, 2.199114857512855, 2.234021442552742, 2.2689280275926285, 2.303834612632515, 2.3387411976724017, 2.3736477827122884, 2.4085543677521746, 2.443460952792061, 2.478367537831948, 2.5132741228718345, 2.548180707911721, 2.5830872929516078, 2.6179938779914944, 2.652900463031381, 2.6878070480712677, 2.722713633111154, 2.7576202181510405, 2.792526803190927, 2.827433388230814, 2.8623399732707004, 2.897246558310587, 2.9321531433504737, 2.9670597283903604, 3.001966313430247, 3.036872898470133, 3.07177948351002, 3.1066860685499065, 3.141592653589793], "Ir_sensor": [40.0, 39.0, 346.0, 232.0, 107.0, 39.0, 620.0, 810.0, 943.0, 990.0, 1082.0, 1109.0, 1104.0, 1166.0, 1402.0, 2306.0, 3080.0, 2819.0, 2236.0, 1664.0, 620.0, 296.0, 39.0, 39.0, 39.0, 38.0, 38.0, 39.0, 39.0, 39.0, 108.0, 39.0, 39.0, 39.0, 39.0, 39.0, 39.0, 39.0, 38.0, 39.0, 43.0, 43.0, 39.0, 38.0, 39.0, 39.0, 39.0, 39.0, 131.0, 38.0, 84.0, 109.0, 39.0, 38.0, 39.0, 39.0, 38.0, 39.0, 39.0, 38.0, 39.0, 299.0, 109.0, 39.0, 40.0, 74.0, 39.0, 275.0, 39.0, 119.0, 46.0, 234.0, 545.0, 879.0, 289.0, 111.0, 254.0, 671.0, 450.0, 226.0, 88.0, 222.0, 323.0, 251.0, 189.0, 272.0, 220.0, 42.0, 38.0, 108.0], "Pin_sensor": [153.74, 35.78, 34.88, 34.42, 34.41, 34.38, 34.37, 33.94, 33.94, 33.94, 33.92, 34.37, 33.97, 33.97, 34.42, 34.46, 34.87, 34.95, 35.36, 36.2, 36.25, 37.52, 0, 154.97, 183.0, 153.78, 167.27, 158.79, 154.22, 192.18, 155.44, 154.0, 164.92, 161.0, 154.26, 171.33, 168.46, 165.52, 164.11, 164.62, 153.86, 170.97, 180.15, 166.48, 153.74, 154.57, 157.53, 157.73, 163.66, 177.21, 157.69, 165.87, 157.24, 150.03, 155.34, 156.71, 156.87, 168.54, 153.53, 154.89, 156.15, 176.83, 175.56, 155.81, 153.99, 163.23, 154.57, 152.02, 153.66, 156.72, 147.44, 135.6, 137.1, 135.08, 131.85, 145.79, 133.95, 85.94, 129.8, 147.5, 149.46, 149.88, 149.51, 137.6, 86.49, 125.41, 117.77, 115.71, 119.4, 124.94], "Ir_degrees": [0.03490658503988659, 0.06981317007977318, 0.10471975511965978, 0.13962634015954636, 0.17453292519943295, 0.20943951023931956, 0.24434609527920614, 0.2792526803190927, 0.3141592653589793, 0.3490658503988659, 0.3839724354387525, 0.4188790204786391, 0.4537856055185257, 0.4886921905584123, 0.5235987755982988, 0.5585053606381855, 0.5934119456780721, 0.6283185307179586, 0.6632251157578453, 0.6981317007977318, 0.7330382858376184, 0.767944870877505, 0.8028514559173916, 0.8377580409572782, 0.8726646259971648, 0.9075712110370514, 0.9424777960769379, 0.9773843811168246, 1.0122909661567112, 1.0471975511965976, 1.0821041362364843, 1.117010721276371, 1.1519173063162575, 1.1868238913561442, 1.2217304763960306, 1.2566370614359172, 1.2915436464758039, 1.3264502315156905, 1.361356816555577, 1.3962634015954636, 1.4311699866353502, 1.4660765716752369, 1.5009831567151235, 1.53588974175501, 1.5707963267948966, 1.6057029118347832, 1.6406094968746698, 1.6755160819145565, 1.710422666954443, 1.7453292519943295, 1.7802358370342162, 1.8151424220741028, 1.8500490071139892, 1.8849555921538759, 1.9198621771937625, 1.9547687622336491, 1.9896753472735358, 2.0245819323134224, 2.059488517353309, 2.0943951023931953, 2.129301687433082, 2.1642082724729685, 2.199114857512855, 2.234021442552742, 2.2689280275926285, 2.303834612632515, 2.3387411976724017, 2.3736477827122884, 2.4085543677521746, 2.443460952792061, 2.478367537831948, 2.5132741228718345, 2.548180707911721, 2.5830872929516078, 2.6179938779914944, 2.652900463031381, 2.6878070480712677, 2.722713633111154, 2.7576202181510405, 2.792526803190927, 2.827433388230814, 2.8623399732707004, 2.897246558310587, 2.9321531433504737, 2.9670597283903604, 3.001966313430247, 3.036872898470133, 3.07177948351002, 3.1066860685499065, 3.141592653589793]}