{"Pin_sensor": [116.95, 102.97, 145.51, 100.63, 100.65, 100.27, 153.6, 154.15, 100.55, 98.85, 100.49, 101.18, 100.06, 100.53, 101.38, 99.39, 98.93, 99.77, 100.17, 101.44, 149.72, 149.74, 148.9, 149.85, 154.69, 149.58, 148.61, 151.01, 109.8, 123.72, 108.58, 108.06, 108.53, 106.04, 109.24, 103.37, 105.99, 105.68, 104.44, 105.68, 109.39, 106.59, 106.58, 118.34, 116.74, 174.5, 155.66, 155.93, 153.48, 118.37, 135.72, 126.64, 117.01, 115.86, 111.77, 103.45, 106.45, 105.62, 113.89, 110.86, 122.03, 121.63, 123.4, 137.76, 139.88, 139.84, 140.48, 153.57, 154.15, 142.33, 141.85, 154.02, 169.34, 167.61, 154.89, 168.48, 166.45, 154.19, 159.75, 153.92, 145.45, 151.53, 132.88, 153.74, 157.48, 153.18, 140.38, 144.49, 163.89, 154.66], "Ir_degrees": [0.03490658503988659, 0.06981317007977318, 0.10471975511965978, 0.13962634015954636, 0.17453292519943295, 0.20943951023931956, 0.24434609527920614, 0.2792526803190927, 0.3141592653589793, 0.3490658503988659, 0.3839724354387525, 0.4188790204786391, 0.4537856055185257, 0.4886921905584123, 0.5235987755982988, 0.5585053606381855, 0.5934119456780721, 0.6283185307179586, 0.6632251157578453, 0.6981317007977318, 0.7330382858376184, 0.767944870877505, 0.8028514559173916, 0.8377580409572782, 0.8726646259971648, 0.9075712110370514, 0.9424777960769379, 0.9773843811168246, 1.0122909661567112, 1.0471975511965976, 1.0821041362364843, 1.117010721276371, 1.1519173063162575, 1.1868238913561442, 1.2217304763960306, 1.2566370614359172, 1.2915436464758039, 1.3264502315156905, 1.361356816555577, 1.3962634015954636, 1.4311699866353502, 1.4660765716752369, 1.5009831567151235, 1.53588974175501, 1.5707963267948966, 1.6057029118347832, 1.6406094968746698, 1.6755160819145565, 1.710422666954443, 1.7453292519943295, 1.7802358370342162, 1.8151424220741028, 1.8500490071139892, 1.8849555921538759, 1.9198621771937625, 1.9547687622336491, 1.9896753472735358, 2.0245819323134224, 2.059488517353309, 2.0943951023931953, 2.129301687433082, 2.1642082724729685, 2.199114857512855, 2.234021442552742, 2.2689280275926285, 2.303834612632515, 2.3387411976724017, 2.3736477827122884, 2.4085543677521746, 2.443460952792061, 2.478367537831948, 2.5132741228718345, 2.548180707911721, 2.5830872929516078, 2.6179938779914944, 2.652900463031381, 2.6878070480712677, 2.722713633111154, 2.7576202181510405, 2.792526803190927, 2.827433388230814, 2.8623399732707004, 2.897246558310587, 2.9321531433504737, 2.9670597283903604, 3.001966313430247, 3.036872898470133, 3.07177948351002, 3.1066860685499065, 3.141592653589793], "Pin_degrees": [0.03490658503988659, 0.06981317007977318, 0.10471975511965978, 0.13962634015954636, 0.17453292519943295, 0.20943951023931956, 0.24434609527920614, 0.2792526803190927, 0.3141592653589793, 0.3490658503988659, 0.3839724354387525, 0.4188790204786391, 0.4537856055185257, 0.4886921905584123, 0.5235987755982988, 0.5585053606381855, 0.5934119456780721, 0.6283185307179586, 0.6632251157578453, 0.6981317007977318, 0.7330382858376184, 0.767944870877505, 0.8028514559173916, 0.8377580409572782, 0.8726646259971648, 0.9075712110370514, 0.9424777960769379, 0.9773843811168246, 1.0122909661567112, 1.0471975511965976, 1.0821041362364843, 1.117010721276371, 1.1519173063162575, 1.1868238913561442, 1.2217304763960306, 1.2566370614359172, 1.2915436464758039, 1.3264502315156905, 1.361356816555577, 1.3962634015954636, 1.4311699866353502, 1.4660765716752369, 1.5009831567151235, 1.53588974175501, 1.5707963267948966, 1.6057029118347832, 1.6406094968746698, 1.6755160819145565, 1.710422666954443, 1.7453292519943295, 1.7802358370342162, 1.8151424220741028, 1.8500490071139892, 1.8849555921538759, 1.9198621771937625, 1.9547687622336491, 1.9896753472735358, 2.0245819323134224, 2.059488517353309, 2.0943951023931953, 2.129301687433082, 2.1642082724729685, 2.199114857512855, 2.234021442552742, 2.2689280275926285, 2.303834612632515, 2.3387411976724017, 2.3736477827122884, 2.4085543677521746, 2.443460952792061, 2.478367537831948, 2.5132741228718345, 2.548180707911721, 2.5830872929516078, 2.6179938779914944, 2.652900463031381, 2.6878070480712677, 2.722713633111154, 2.7576202181510405, 2.792526803190927, 2.827433388230814, 2.8623399732707004, 2.897246558310587, 2.9321531433504737, 2.9670597283903604, 3.001966313430247, 3.036872898470133, 3.07177948351002, 3.1066860685499065, 3.141592653589793], "Ir_sensor": [79.0, 325.0, 38.0, 38.0, 39.0, 39.0, 39.0, 246.0, 39.0, 39.0, 39.0, 41.0, 56.0, 378.0, 573.0, 302.0, 524.0, 50.0, 419.0, 268.0, 249.0, 548.0, 397.0, 471.0, 38.0, 39.0, 74.0, 373.0, 193.0, 39.0, 39.0, 121.0, 137.0, 174.0, 374.0, 472.0, 226.0, 97.0, 192.0, 378.0, 763.0, 716.0, 88.0, 38.0, 72.0, 192.0, 140.0, 39.0, 39.0, 39.0, 38.0, 75.0, 39.0, 38.0, 39.0, 39.0, 75.0, 86.0, 188.0, 60.0, 164.0, 75.0, 165.0, 76.0, 75.0, 289.0, 192.0, 188.0, 246.0, 137.0, 373.0, 168.0, 217.0, 223.0, 251.0, 297.0, 351.0, 258.0, 402.0, 297.0, 294.0, 297.0, 299.0, 377.0, 238.0, 294.0, 226.0, 275.0, 311.0, 292.0]}