{"Pin_degrees": [0.03490658503988659, 0.06981317007977318, 0.10471975511965978, 0.13962634015954636, 0.17453292519943295, 0.20943951023931956, 0.24434609527920614, 0.2792526803190927, 0.3141592653589793, 0.3490658503988659, 0.3839724354387525, 0.4188790204786391, 0.4537856055185257, 0.4886921905584123, 0.5235987755982988, 0.5585053606381855, 0.5934119456780721, 0.6283185307179586, 0.6632251157578453, 0.6981317007977318, 0.7330382858376184, 0.767944870877505, 0.8028514559173916, 0.8377580409572782, 0.8726646259971648, 0.9075712110370514, 0.9424777960769379, 0.9773843811168246, 1.0122909661567112, 1.0471975511965976, 1.0821041362364843, 1.117010721276371, 1.1519173063162575, 1.1868238913561442, 1.2217304763960306, 1.2566370614359172, 1.2915436464758039, 1.3264502315156905, 1.361356816555577, 1.3962634015954636, 1.4311699866353502, 1.4660765716752369, 1.5009831567151235, 1.53588974175501, 1.5707963267948966, 1.6057029118347832, 1.6406094968746698, 1.6755160819145565, 1.710422666954443, 1.7453292519943295, 1.7802358370342162, 1.8151424220741028, 1.8500490071139892, 1.8849555921538759, 1.9198621771937625, 1.9547687622336491, 1.9896753472735358, 2.0245819323134224, 2.059488517353309, 2.0943951023931953, 2.129301687433082, 2.1642082724729685, 2.199114857512855, 2.234021442552742, 2.2689280275926285, 2.303834612632515, 2.3387411976724017, 2.3736477827122884, 2.4085543677521746, 2.443460952792061, 2.478367537831948, 2.5132741228718345, 2.548180707911721, 2.5830872929516078, 2.6179938779914944, 2.652900463031381, 2.6878070480712677, 2.722713633111154, 2.7576202181510405, 2.792526803190927, 2.827433388230814, 2.8623399732707004, 2.897246558310587, 2.9321531433504737, 2.9670597283903604, 3.001966313430247, 3.036872898470133, 3.07177948351002, 3.1066860685499065, 3.141592653589793], "Pin_sensor": [34.75, 69.49, 39.82, 38.86, 38.84, 38.84, 38.85, 39.28, 38.88, 39.68, 39.29, 39.72, 39.33, 40.61, 40.2, 155.37, 160.16, 69.55, 69.58, 69.54, 68.67, 68.65, 68.22, 68.6, 68.22, 69.04, 68.65, 68.64, 69.07, 69.54, 69.11, 69.11, 69.96, 70.41, 38.86, 36.42, 35.97, 35.14, 35.1, 35.08, 34.78, 34.78, 34.73, 34.62, 34.62, 34.62, 34.62, 34.23, 34.62, 35.02, 34.77, 34.76, 35.1, 35.52, 35.57, 36.41, 36.46, 36.94, 38.2, 154.61, 155.57, 153.61, 155.41, 153.13, 154.78, 154.78, 148.6, 145.65, 155.99, 166.46, 153.65, 144.82, 126.83, 162.95, 168.97, 162.78, 153.37, 154.57, 153.94, 154.64, 170.37, 155.13, 161.56, 153.77, 156.17, 156.1, 184.01, 174.38, 212.56, 154.22], "Ir_degrees": [0.03490658503988659, 0.06981317007977318, 0.10471975511965978, 0.13962634015954636, 0.17453292519943295, 0.20943951023931956, 0.24434609527920614, 0.2792526803190927, 0.3141592653589793, 0.3490658503988659, 0.3839724354387525, 0.4188790204786391, 0.4537856055185257, 0.4886921905584123, 0.5235987755982988, 0.5585053606381855, 0.5934119456780721, 0.6283185307179586, 0.6632251157578453, 0.6981317007977318, 0.7330382858376184, 0.767944870877505, 0.8028514559173916, 0.8377580409572782, 0.8726646259971648, 0.9075712110370514, 0.9424777960769379, 0.9773843811168246, 1.0122909661567112, 1.0471975511965976, 1.0821041362364843, 1.117010721276371, 1.1519173063162575, 1.1868238913561442, 1.2217304763960306, 1.2566370614359172, 1.2915436464758039, 1.3264502315156905, 1.361356816555577, 1.3962634015954636, 1.4311699866353502, 1.4660765716752369, 1.5009831567151235, 1.53588974175501, 1.5707963267948966, 1.6057029118347832, 1.6406094968746698, 1.6755160819145565, 1.710422666954443, 1.7453292519943295, 1.7802358370342162, 1.8151424220741028, 1.8500490071139892, 1.8849555921538759, 1.9198621771937625, 1.9547687622336491, 1.9896753472735358, 2.0245819323134224, 2.059488517353309, 2.0943951023931953, 2.129301687433082, 2.1642082724729685, 2.199114857512855, 2.234021442552742, 2.2689280275926285, 2.303834612632515, 2.3387411976724017, 2.3736477827122884, 2.4085543677521746, 2.443460952792061, 2.478367537831948, 2.5132741228718345, 2.548180707911721, 2.5830872929516078, 2.6179938779914944, 2.652900463031381, 2.6878070480712677, 2.722713633111154, 2.7576202181510405, 2.792526803190927, 2.827433388230814, 2.8623399732707004, 2.897246558310587, 2.9321531433504737, 2.9670597283903604, 3.001966313430247, 3.036872898470133, 3.07177948351002, 3.1066860685499065, 3.141592653589793], "Ir_sensor": [958.0, 469.0, 41.0, 39.0, 401.0, 666.0, 833.0, 831.0, 960.0, 1024.0, 1027.0, 1362.0, 2303.0, 2963.0, 2717.0, 2345.0, 1522.0, 1332.0, 138.0, 324.0, 195.0, 43.0, 39.0, 39.0, 273.0, 473.0, 573.0, 690.0, 1032.0, 1530.0, 1093.0, 1171.0, 934.0, 907.0, 738.0, 418.0, 639.0, 39.0, 73.0, 109.0, 110.0, 108.0, 63.0, 478.0, 888.0, 943.0, 1033.0, 1059.0, 1100.0, 1147.0, 1428.0, 2284.0, 2870.0, 2453.0, 2628.0, 1425.0, 1099.0, 417.0, 352.0, 211.0, 111.0, 294.0, 39.0, 39.0, 65.0, 226.0, 297.0, 197.0, 134.0, 136.0, 251.0, 116.0, 355.0, 420.0, 381.0, 320.0, 310.0, 295.0, 329.0, 438.0, 398.0, 374.0, 349.0, 113.0, 135.0, 278.0, 324.0, 251.0, 211.0, 374.0]}