{"Ir_degrees": [0.03490658503988659, 0.06981317007977318, 0.10471975511965978, 0.13962634015954636, 0.17453292519943295, 0.20943951023931956, 0.24434609527920614, 0.2792526803190927, 0.3141592653589793, 0.3490658503988659, 0.3839724354387525, 0.4188790204786391, 0.4537856055185257, 0.4886921905584123, 0.5235987755982988, 0.5585053606381855, 0.5934119456780721, 0.6283185307179586, 0.6632251157578453, 0.6981317007977318, 0.7330382858376184, 0.767944870877505, 0.8028514559173916, 0.8377580409572782, 0.8726646259971648, 0.9075712110370514, 0.9424777960769379, 0.9773843811168246, 1.0122909661567112, 1.0471975511965976, 1.0821041362364843, 1.117010721276371, 1.1519173063162575, 1.1868238913561442, 1.2217304763960306, 1.2566370614359172, 1.2915436464758039, 1.3264502315156905, 1.361356816555577, 1.3962634015954636, 1.4311699866353502, 1.4660765716752369, 1.5009831567151235, 1.53588974175501, 1.5707963267948966, 1.6057029118347832, 1.6406094968746698, 1.6755160819145565, 1.710422666954443, 1.7453292519943295, 1.7802358370342162, 1.8151424220741028, 1.8500490071139892, 1.8849555921538759, 1.9198621771937625, 1.9547687622336491, 1.9896753472735358, 2.0245819323134224, 2.059488517353309, 2.0943951023931953, 2.129301687433082, 2.1642082724729685, 2.199114857512855, 2.234021442552742, 2.2689280275926285, 2.303834612632515, 2.3387411976724017, 2.3736477827122884, 2.4085543677521746, 2.443460952792061, 2.478367537831948, 2.5132741228718345, 2.548180707911721, 2.5830872929516078, 2.6179938779914944, 2.652900463031381, 2.6878070480712677, 2.722713633111154, 2.7576202181510405, 2.792526803190927, 2.827433388230814, 2.8623399732707004, 2.897246558310587, 2.9321531433504737, 2.9670597283903604, 3.001966313430247, 3.036872898470133, 3.07177948351002, 3.1066860685499065, 3.141592653589793], "Ir_sensor": [133.0, 40.0, 888.0, 1133.0, 1722.0, 2522.0, 1947.0, 2163.0, 1806.0, 1009.0, 39.0, 39.0, 39.0, 94.0, 39.0, 43.0, 41.0, 44.0, 43.0, 44.0, 41.0, 110.0, 39.0, 138.0, 39.0, 220.0, 391.0, 573.0, 671.0, 505.0, 425.0, 711.0, 620.0, 521.0, 372.0, 402.0, 350.0, 265.0, 398.0, 219.0, 50.0, 41.0, 143.0, 401.0, 255.0, 53.0, 107.0, 95.0, 187.0, 202.0, 39.0, 140.0, 134.0, 109.0, 277.0, 294.0, 272.0, 165.0, 188.0, 43.0, 39.0, 39.0, 91.0, 63.0, 140.0, 39.0, 108.0, 39.0, 146.0, 113.0, 163.0, 324.0, 168.0, 353.0, 220.0, 269.0, 298.0, 272.0, 251.0, 220.0, 273.0, 141.0, 274.0, 274.0, 292.0, 298.0, 140.0, 49.0, 50.0, 113.0], "Pin_degrees": [0.03490658503988659, 0.06981317007977318, 0.10471975511965978, 0.13962634015954636, 0.17453292519943295, 0.20943951023931956, 0.24434609527920614, 0.2792526803190927, 0.3141592653589793, 0.3490658503988659, 0.3839724354387525, 0.4188790204786391, 0.4537856055185257, 0.4886921905584123, 0.5235987755982988, 0.5585053606381855, 0.5934119456780721, 0.6283185307179586, 0.6632251157578453, 0.6981317007977318, 0.7330382858376184, 0.767944870877505, 0.8028514559173916, 0.8377580409572782, 0.8726646259971648, 0.9075712110370514, 0.9424777960769379, 0.9773843811168246, 1.0122909661567112, 1.0471975511965976, 1.0821041362364843, 1.117010721276371, 1.1519173063162575, 1.1868238913561442, 1.2217304763960306, 1.2566370614359172, 1.2915436464758039, 1.3264502315156905, 1.361356816555577, 1.3962634015954636, 1.4311699866353502, 1.4660765716752369, 1.5009831567151235, 1.53588974175501, 1.5707963267948966, 1.6057029118347832, 1.6406094968746698, 1.6755160819145565, 1.710422666954443, 1.7453292519943295, 1.7802358370342162, 1.8151424220741028, 1.8500490071139892, 1.8849555921538759, 1.9198621771937625, 1.9547687622336491, 1.9896753472735358, 2.0245819323134224, 2.059488517353309, 2.0943951023931953, 2.129301687433082, 2.1642082724729685, 2.199114857512855, 2.234021442552742, 2.2689280275926285, 2.303834612632515, 2.3387411976724017, 2.3736477827122884, 2.4085543677521746, 2.443460952792061, 2.478367537831948, 2.5132741228718345, 2.548180707911721, 2.5830872929516078, 2.6179938779914944, 2.652900463031381, 2.6878070480712677, 2.722713633111154, 2.7576202181510405, 2.792526803190927, 2.827433388230814, 2.8623399732707004, 2.897246558310587, 2.9321531433504737, 2.9670597283903604, 3.001966313430247, 3.036872898470133, 3.07177948351002, 3.1066860685499065, 3.141592653589793], "Pin_sensor": [109.0, 0, 45.8, 46.24, 45.84, 46.65, 46.28, 46.71, 47.58, 47.2, 160.77, 155.4, 153.01, 157.11, 155.92, 154.37, 145.64, 123.17, 139.59, 153.57, 161.06, 146.3, 132.53, 133.19, 135.19, 143.06, 131.63, 119.19, 96.38, 116.84, 125.9, 112.35, 106.98, 115.91, 114.22, 127.32, 114.62, 106.4, 106.48, 106.41, 115.02, 119.13, 113.64, 109.83, 109.68, 112.76, 113.72, 102.93, 116.68, 115.68, 96.77, 100.74, 124.31, 133.42, 96.17, 95.72, 97.31, 95.69, 94.88, 94.81, 96.43, 95.21, 95.99, 95.28, 94.89, 96.88, 96.58, 140.11, 144.31, 158.98, 165.66, 155.69, 155.64, 153.54, 170.04, 174.55, 153.73, 161.1, 108.78, 157.5, 168.95, 108.33, 108.38, 107.08, 107.95, 107.04, 106.23, 107.01, 107.02, 107.0]}