{"Ir_sensor": [42.0, 162.0, 878.0, 1053.0, 1504.0, 2512.0, 2543.0, 2058.0, 1643.0, 1049.0, 393.0, 45.0, 43.0, 43.0, 115.0, 39.0, 38.0, 39.0, 39.0, 40.0, 39.0, 39.0, 75.0, 51.0, 39.0, 220.0, 421.0, 600.0, 764.0, 573.0, 550.0, 650.0, 603.0, 473.0, 444.0, 420.0, 372.0, 277.0, 320.0, 212.0, 88.0, 110.0, 246.0, 275.0, 405.0, 50.0, 114.0, 284.0, 325.0, 88.0, 48.0, 55.0, 109.0, 114.0, 253.0, 194.0, 144.0, 276.0, 164.0, 44.0, 38.0, 53.0, 75.0, 110.0, 59.0, 113.0, 38.0, 109.0, 139.0, 161.0, 190.0, 295.0, 143.0, 248.0, 426.0, 191.0, 237.0, 245.0, 187.0, 277.0, 165.0, 326.0, 272.0, 276.0, 349.0, 291.0, 245.0, 41.0, 39.0, 182.0], "Pin_degrees": [0.03490658503988659, 0.06981317007977318, 0.10471975511965978, 0.13962634015954636, 0.17453292519943295, 0.20943951023931956, 0.24434609527920614, 0.2792526803190927, 0.3141592653589793, 0.3490658503988659, 0.3839724354387525, 0.4188790204786391, 0.4537856055185257, 0.4886921905584123, 0.5235987755982988, 0.5585053606381855, 0.5934119456780721, 0.6283185307179586, 0.6632251157578453, 0.6981317007977318, 0.7330382858376184, 0.767944870877505, 0.8028514559173916, 0.8377580409572782, 0.8726646259971648, 0.9075712110370514, 0.9424777960769379, 0.9773843811168246, 1.0122909661567112, 1.0471975511965976, 1.0821041362364843, 1.117010721276371, 1.1519173063162575, 1.1868238913561442, 1.2217304763960306, 1.2566370614359172, 1.2915436464758039, 1.3264502315156905, 1.361356816555577, 1.3962634015954636, 1.4311699866353502, 1.4660765716752369, 1.5009831567151235, 1.53588974175501, 1.5707963267948966, 1.6057029118347832, 1.6406094968746698, 1.6755160819145565, 1.710422666954443, 1.7453292519943295, 1.7802358370342162, 1.8151424220741028, 1.8500490071139892, 1.8849555921538759, 1.9198621771937625, 1.9547687622336491, 1.9896753472735358, 2.0245819323134224, 2.059488517353309, 2.0943951023931953, 2.129301687433082, 2.1642082724729685, 2.199114857512855, 2.234021442552742, 2.2689280275926285, 2.303834612632515, 2.3387411976724017, 2.3736477827122884, 2.4085543677521746, 2.443460952792061, 2.478367537831948, 2.5132741228718345, 2.548180707911721, 2.5830872929516078, 2.6179938779914944, 2.652900463031381, 2.6878070480712677, 2.722713633111154, 2.7576202181510405, 2.792526803190927, 2.827433388230814, 2.8623399732707004, 2.897246558310587, 2.9321531433504737, 2.9670597283903604, 3.001966313430247, 3.036872898470133, 3.07177948351002, 3.1066860685499065, 3.141592653589793], "Ir_degrees": [0.03490658503988659, 0.06981317007977318, 0.10471975511965978, 0.13962634015954636, 0.17453292519943295, 0.20943951023931956, 0.24434609527920614, 0.2792526803190927, 0.3141592653589793, 0.3490658503988659, 0.3839724354387525, 0.4188790204786391, 0.4537856055185257, 0.4886921905584123, 0.5235987755982988, 0.5585053606381855, 0.5934119456780721, 0.6283185307179586, 0.6632251157578453, 0.6981317007977318, 0.7330382858376184, 0.767944870877505, 0.8028514559173916, 0.8377580409572782, 0.8726646259971648, 0.9075712110370514, 0.9424777960769379, 0.9773843811168246, 1.0122909661567112, 1.0471975511965976, 1.0821041362364843, 1.117010721276371, 1.1519173063162575, 1.1868238913561442, 1.2217304763960306, 1.2566370614359172, 1.2915436464758039, 1.3264502315156905, 1.361356816555577, 1.3962634015954636, 1.4311699866353502, 1.4660765716752369, 1.5009831567151235, 1.53588974175501, 1.5707963267948966, 1.6057029118347832, 1.6406094968746698, 1.6755160819145565, 1.710422666954443, 1.7453292519943295, 1.7802358370342162, 1.8151424220741028, 1.8500490071139892, 1.8849555921538759, 1.9198621771937625, 1.9547687622336491, 1.9896753472735358, 2.0245819323134224, 2.059488517353309, 2.0943951023931953, 2.129301687433082, 2.1642082724729685, 2.199114857512855, 2.234021442552742, 2.2689280275926285, 2.303834612632515, 2.3387411976724017, 2.3736477827122884, 2.4085543677521746, 2.443460952792061, 2.478367537831948, 2.5132741228718345, 2.548180707911721, 2.5830872929516078, 2.6179938779914944, 2.652900463031381, 2.6878070480712677, 2.722713633111154, 2.7576202181510405, 2.792526803190927, 2.827433388230814, 2.8623399732707004, 2.897246558310587, 2.9321531433504737, 2.9670597283903604, 3.001966313430247, 3.036872898470133, 3.07177948351002, 3.1066860685499065, 3.141592653589793], "Pin_sensor": [102.2, 153.86, 45.8, 45.98, 46.06, 46.28, 46.72, 47.14, 47.59, 48.34, 190.53, 169.21, 161.13, 153.52, 154.76, 158.28, 164.87, 154.08, 154.7, 153.59, 143.37, 149.09, 141.64, 121.22, 94.45, 118.31, 109.44, 129.51, 130.08, 140.43, 148.98, 125.22, 114.65, 109.07, 111.87, 114.19, 135.05, 136.06, 117.29, 109.77, 106.91, 111.59, 124.17, 127.21, 131.01, 127.11, 121.75, 120.77, 127.45, 135.91, 141.97, 144.58, 143.34, 96.96, 97.37, 94.54, 95.72, 95.29, 100.53, 95.7, 95.52, 99.69, 96.03, 97.98, 99.35, 96.88, 142.27, 98.18, 97.02, 97.19, 154.15, 148.65, 154.13, 154.78, 154.28, 158.2, 157.1, 154.27, 154.01, 160.77, 109.71, 109.25, 108.04, 106.74, 107.89, 107.12, 107.06, 106.66, 105.84, 107.06]}