{"Ir_degrees": [0.03490658503988659, 0.06981317007977318, 0.10471975511965978, 0.13962634015954636, 0.17453292519943295, 0.20943951023931956, 0.24434609527920614, 0.2792526803190927, 0.3141592653589793, 0.3490658503988659, 0.3839724354387525, 0.4188790204786391, 0.4537856055185257, 0.4886921905584123, 0.5235987755982988, 0.5585053606381855, 0.5934119456780721, 0.6283185307179586, 0.6632251157578453, 0.6981317007977318, 0.7330382858376184, 0.767944870877505, 0.8028514559173916, 0.8377580409572782, 0.8726646259971648, 0.9075712110370514, 0.9424777960769379, 0.9773843811168246, 1.0122909661567112, 1.0471975511965976, 1.0821041362364843, 1.117010721276371, 1.1519173063162575, 1.1868238913561442, 1.2217304763960306, 1.2566370614359172, 1.2915436464758039, 1.3264502315156905, 1.361356816555577, 1.3962634015954636, 1.4311699866353502, 1.4660765716752369, 1.5009831567151235, 1.53588974175501, 1.5707963267948966, 1.6057029118347832, 1.6406094968746698, 1.6755160819145565, 1.710422666954443, 1.7453292519943295, 1.7802358370342162, 1.8151424220741028, 1.8500490071139892, 1.8849555921538759, 1.9198621771937625, 1.9547687622336491, 1.9896753472735358, 2.0245819323134224, 2.059488517353309, 2.0943951023931953, 2.129301687433082, 2.1642082724729685, 2.199114857512855, 2.234021442552742, 2.2689280275926285, 2.303834612632515, 2.3387411976724017, 2.3736477827122884, 2.4085543677521746, 2.443460952792061, 2.478367537831948, 2.5132741228718345, 2.548180707911721, 2.5830872929516078, 2.6179938779914944, 2.652900463031381, 2.6878070480712677, 2.722713633111154, 2.7576202181510405, 2.792526803190927, 2.827433388230814, 2.8623399732707004, 2.897246558310587, 2.9321531433504737, 2.9670597283903604, 3.001966313430247, 3.036872898470133, 3.07177948351002, 3.1066860685499065, 3.141592653589793], "Pin_degrees": [0.03490658503988659, 0.06981317007977318, 0.10471975511965978, 0.13962634015954636, 0.17453292519943295, 0.20943951023931956, 0.24434609527920614, 0.2792526803190927, 0.3141592653589793, 0.3490658503988659, 0.3839724354387525, 0.4188790204786391, 0.4537856055185257, 0.4886921905584123, 0.5235987755982988, 0.5585053606381855, 0.5934119456780721, 0.6283185307179586, 0.6632251157578453, 0.6981317007977318, 0.7330382858376184, 0.767944870877505, 0.8028514559173916, 0.8377580409572782, 0.8726646259971648, 0.9075712110370514, 0.9424777960769379, 0.9773843811168246, 1.0122909661567112, 1.0471975511965976, 1.0821041362364843, 1.117010721276371, 1.1519173063162575, 1.1868238913561442, 1.2217304763960306, 1.2566370614359172, 1.2915436464758039, 1.3264502315156905, 1.361356816555577, 1.3962634015954636, 1.4311699866353502, 1.4660765716752369, 1.5009831567151235, 1.53588974175501, 1.5707963267948966, 1.6057029118347832, 1.6406094968746698, 1.6755160819145565, 1.710422666954443, 1.7453292519943295, 1.7802358370342162, 1.8151424220741028, 1.8500490071139892, 1.8849555921538759, 1.9198621771937625, 1.9547687622336491, 1.9896753472735358, 2.0245819323134224, 2.059488517353309, 2.0943951023931953, 2.129301687433082, 2.1642082724729685, 2.199114857512855, 2.234021442552742, 2.2689280275926285, 2.303834612632515, 2.3387411976724017, 2.3736477827122884, 2.4085543677521746, 2.443460952792061, 2.478367537831948, 2.5132741228718345, 2.548180707911721, 2.5830872929516078, 2.6179938779914944, 2.652900463031381, 2.6878070480712677, 2.722713633111154, 2.7576202181510405, 2.792526803190927, 2.827433388230814, 2.8623399732707004, 2.897246558310587, 2.9321531433504737, 2.9670597283903604, 3.001966313430247, 3.036872898470133, 3.07177948351002, 3.1066860685499065, 3.141592653589793], "Pin_sensor": [22.47, 156.01, 153.88, 144.02, 157.79, 178.31, 155.06, 139.42, 155.33, 162.34, 158.9, 164.86, 154.58, 155.06, 154.52, 183.37, 155.9, 153.94, 73.63, 73.09, 71.83, 71.83, 23.85, 23.49, 22.52, 22.49, 22.47, 22.03, 21.97, 21.59, 21.58, 21.53, 21.52, 21.5, 21.52, 21.53, 21.49, 21.52, 21.93, 21.95, 21.98, 22.03, 22.45, 22.47, 22.92, 23.45, 23.8, 158.74, 155.58, 153.69, 177.26, 155.19, 162.87, 153.58, 156.7, 154.86, 170.42, 156.19, 160.78, 155.56, 163.85, 158.29, 155.34, 153.86, 162.37, 152.89, 168.51, 153.94, 165.54, 170.32, 193.45, 170.92, 160.68, 154.25, 166.21, 0, 154.54, 170.32, 154.59, 159.26, 155.12, 153.9, 157.02, 154.62, 158.27, 165.96, 155.26, 162.83, 170.38, 161.31], "Ir_sensor": [612.0, 40.0, 161.0, 445.0, 397.0, 158.0, 49.0, 39.0, 43.0, 43.0, 43.0, 39.0, 39.0, 100.0, 39.0, 40.0, 39.0, 39.0, 38.0, 93.0, 39.0, 42.0, 39.0, 329.0, 495.0, 649.0, 786.0, 351.0, 192.0, 314.0, 880.0, 1264.0, 1413.0, 1461.0, 1543.0, 1497.0, 1673.0, 1647.0, 1652.0, 1654.0, 1660.0, 1762.0, 2263.0, 2580.0, 1052.0, 737.0, 643.0, 851.0, 837.0, 1127.0, 1250.0, 834.0, 1053.0, 790.0, 687.0, 162.0, 39.0, 38.0, 39.0, 39.0, 43.0, 110.0, 39.0, 39.0, 39.0, 39.0, 38.0, 39.0, 39.0, 38.0, 39.0, 39.0, 41.0, 108.0, 122.0, 39.0, 49.0, 39.0, 39.0, 39.0, 39.0, 69.0, 48.0, 74.0, 44.0, 39.0, 44.0, 39.0, 38.0, 39.0]}